replica,w,wdef,wpar,wvacio,mejor_esc,n_esc
0,70,70,70,42,v3-P0-d45-t7,109
1,82,82,82,6,v3-P0-d10-t7,109
2,82,82,82,9,v3-P0-d10-t7,109
3,19,19,19,6,v3-P0-d10-t10,109
4,71,71,71,3,v3-P60-d30-t8,109
5,39,39,39,9,v3-P0-d10-t12,109
6,6,6,6,6,v3-P0-d10-t1,109
7,54,54,54,4,v3-P120-d45-t6,109
8,13,13,13,3,v3-P0-d10-t3,109
9,33,33,33,9,v3-P0-d10-t6,109
10,48,48,48,9,v3-P0-d10-t9,109
11,122,122,122,6,v3-P60-d45-t11,109
12,83,83,83,29,v3-P0-d45-t8,109
13,81,81,81,5,v3-P0-d10-t6,109
14,51,51,51,35,v3-P0-d45-t12,109
15,32,32,32,9,v3-P0-d10-t5,109
16,30,30,30,9,v3-P0-d10-t3,109
17,58,58,58,9,v3-P0-d10-t7,109
18,55,55,55,3,v3-P60-d45-t4,109
19,71,71,71,7,v3-P0-d45-t8,109
20,55,55,55,9,v3-P0-d10-t4,109
21,55,55,55,6,v3-P60-d45-t1,109
22,98,98,98,9,v3-P0-d10-t11,109
23,56,56,56,4,v3-P60-d10-t5,109
24,122,122,122,10,v3-P0-d30-t11,109
25,41,41,41,9,v3-P0-d10-t2,109
26,65,65,65,9,v3-P0-d10-t2,109
27,30,30,30,9,v3-P0-d10-t3,109
28,67,67,67,9,v3-P0-d10-t4,109
29,34,34,34,9,v3-P0-d10-t7,109
30,91,91,91,3,v3-P60-d30-t4,109
31,153,153,153,30,v3-P0-d45-t6,109
32,45,45,45,9,v3-P0-d10-t6,109
33,74,74,74,15,v3-P0-d45-t11,109
34,34,34,34,9,v3-P0-d10-t7,109
35,58,58,58,9,v3-P0-d10-t7,109
36,60,60,60,8,v3-P0-d10-t9,109
37,83,83,83,29,v3-P0-d45-t8,109
38,40,40,40,9,v3-P0-d10-t1,109
39,12,12,12,9,v3-P0-d10-t9,109
40,65,65,65,3,v3-P60-d45-t7,109
41,54,54,54,3,v3-P60-d10-t8,109
42,55,55,55,9,v3-P0-d10-t4,109
43,78,78,78,9,v3-P0-d10-t3,109
44,60,60,60,9,v3-P0-d10-t9,109
45,92,92,92,9,v3-P0-d10-t5,109
46,69,69,69,9,v3-P0-d10-t6,109
47,118,118,118,4,v3-P0-d45-t7,109
48,138,138,138,11,v3-P0-d10-t3,109
49,34,34,34,9,v3-P0-d10-t7,109
50,76,76,76,3,v3-P60-d30-t1,109
51,59,59,59,19,v3-P0-d45-t8,109
52,44,44,44,9,v3-P0-d10-t5,109
53,105,105,105,3,v3-P120-d30-t6,109
54,77,77,77,3,v3-P60-d10-t7,109
55,60,60,60,9,v3-P0-d10-t9,109
56,63,63,63,9,v3-P0-d10-t12,109
57,110,110,110,5,v3-P60-d30-t11,109
58,52,52,52,12,v3-P0-d45-t1,109
59,49,49,49,9,v3-P0-d10-t10,109
60,81,81,81,9,v3-P0-d10-t6,109
61,107,107,107,10,v3-P0-d45-t8,109
62,106,106,106,9,v3-P0-d10-t7,109
63,128,128,128,7,v3-P120-d10-t5,109
64,150,150,150,6,v3-P60-d45-t3,109
65,62,62,62,6,v3-P0-d10-t11,109
66,24,24,24,9,v3-P0-d10-t9,109
67,14,14,14,9,v3-P0-d10-t7,109
68,37,37,37,9,v3-P0-d10-t10,109
69,50,50,50,22,v3-P0-d30-t11,109
70,66,66,66,9,v3-P0-d10-t3,109
71,96,96,96,5,v3-P120-d45-t6,109
72,109,109,109,9,v3-P0-d10-t10,109
73,82,82,82,7,v3-P60-d30-t7,109
74,123,123,123,5,v3-P60-d45-t12,109
75,30,30,30,9,v3-P0-d10-t3,109
76,104,104,104,16,v3-P0-d30-t5,109
77,45,45,45,5,v3-P0-d10-t6,109
78,87,87,87,9,v3-P0-d10-t12,109
79,17,17,17,9,v3-P0-d10-t2,109
80,42,42,42,9,v3-P0-d10-t3,109
81,53,53,53,9,v3-P0-d10-t2,109
82,63,63,63,9,v3-P0-d10-t12,109
83,14,14,14,9,v3-P0-d10-t4,109
84,93,93,93,29,v3-P0-d45-t6,109
85,59,59,59,9,v3-P0-d10-t8,109
86,59,59,59,9,v3-P0-d10-t8,109
87,30,30,30,9,v3-P0-d10-t3,109
88,58,58,58,42,v3-P0-d45-t7,109
89,99,99,99,9,v3-P0-d10-t12,109
90,101,101,101,3,v3-P0-d10-t2,109
91,78,78,78,9,v3-P0-d10-t3,109
92,89,89,89,5,v3-P60-d45-t2,109
93,48,48,48,7,v3-P0-d10-t9,109
94,68,68,68,9,v3-P0-d10-t5,109
95,58,58,58,6,v3-P0-d10-t7,109
96,23,23,23,9,v3-P0-d10-t8,109
97,155,155,155,9,v3-P0-d10-t8,109
98,60,60,60,8,v3-P0-d10-t9,109
99,92,92,92,12,v3-P60-d30-t5,109
100,76,76,76,9,v3-P0-d10-t1,109
101,139,139,139,9,v3-P0-d10-t4,109
102,54,54,54,9,v3-P0-d10-t3,109
103,44,44,44,9,v3-P0-d10-t5,109
104,107,107,107,19,v3-P0-d45-t8,109
105,50,50,50,9,v3-P0-d10-t11,109
106,102,102,102,26,v3-P0-d45-t3,109
107,77,77,77,37,v3-P0-d45-t2,109
108,81,81,81,9,v3-P0-d10-t6,109
109,75,75,75,11,v3-P0-d30-t12,109
110,53,53,53,9,v3-P0-d10-t2,109
111,120,120,120,8,v3-P0-d10-t9,109
112,52,52,52,10,v3-P0-d10-t1,109
113,50,50,50,34,v3-P0-d45-t11,109
114,44,44,44,9,v3-P0-d10-t5,109
115,49,49,49,9,v3-P0-d10-t10,109
116,76,76,76,9,v3-P0-d10-t1,109
117,82,82,82,3,v3-P60-d30-t1,109
118,50,50,50,8,v3-P0-d10-t11,109
119,49,49,49,5,v3-P0-d10-t10,109
120,72,72,72,9,v3-P0-d10-t9,109
121,109,109,109,33,v3-P0-d45-t10,109
122,82,82,82,9,v3-P0-d10-t7,109
123,53,53,53,9,v3-P0-d10-t2,109
124,56,56,56,14,v3-P0-d30-t5,109
125,43,43,43,9,v3-P0-d10-t4,109
126,36,36,36,9,v3-P0-d10-t9,109
127,50,50,50,10,v3-P0-d10-t11,109
128,57,57,57,9,v3-P0-d10-t6,109
129,68,68,68,9,v3-P0-d10-t5,109
130,100,100,100,9,v3-P0-d10-t1,109
131,86,86,86,9,v3-P0-d10-t11,109
132,84,84,84,9,v3-P0-d10-t9,109
133,114,114,114,9,v3-P0-d10-t3,109
134,66,66,66,9,v3-P0-d10-t3,109
135,68,68,68,4,v3-P0-d30-t5,109
136,32,32,32,9,v3-P0-d10-t5,109
137,35,35,35,9,v3-P0-d10-t8,109
138,28,28,28,9,v3-P0-d10-t1,109
139,75,75,75,3,v3-P60-d45-t12,109
140,86,86,86,9,v3-P0-d10-t11,109
141,24,24,24,9,v3-P0-d10-t9,109
142,75,75,75,3,v3-P60-d30-t12,109
143,52,52,52,3,v3-P60-d45-t2,109
144,106,106,106,9,v3-P0-d10-t7,109
145,35,35,35,9,v3-P0-d10-t8,109
146,43,43,43,4,v3-P60-d10-t3,109
147,39,39,39,9,v3-P0-d10-t12,109
148,130,130,130,9,v3-P0-d10-t7,109
149,106,106,106,4,v3-P60-d10-t7,109
150,60,60,60,8,v3-P0-d10-t9,109
151,61,61,61,9,v3-P0-d10-t10,109
152,31,31,31,9,v3-P0-d10-t4,109
153,44,44,44,9,v3-P0-d10-t5,109
154,65,65,65,9,v3-P0-d10-t2,109
155,87,87,87,35,v3-P0-d45-t12,109
156,134,134,134,10,v3-P60-d45-t11,109
157,55,55,55,39,v3-P0-d45-t4,109
158,42,42,42,9,v3-P0-d10-t3,109
159,103,103,103,15,v3-P0-d30-t4,109
160,78,78,78,13,v3-P0-d10-t3,109
161,137,137,137,10,v3-P0-d10-t2,109
162,24,24,24,9,v3-P0-d10-t9,109
163,77,77,77,5,v3-P0-d10-t2,109
164,12,12,12,9,v3-P0-d10-t4,109
165,39,39,39,3,v3-P60-d10-t12,109
166,55,55,55,4,v3-P60-d45-t4,109
167,62,62,62,8,v3-P0-d10-t11,109
168,17,17,17,9,v3-P0-d10-t6,109
169,89,89,89,5,v3-P60-d10-t10,109
170,78,78,78,9,v3-P0-d10-t3,109
171,65,65,65,9,v3-P0-d10-t2,109
172,47,47,47,12,v3-P0-d45-t1,109
173,93,93,93,6,v3-P60-d45-t11,109
174,17,17,17,9,v3-P0-d10-t2,109
175,43,43,43,9,v3-P0-d10-t4,109
176,48,48,48,9,v3-P0-d10-t9,109
177,53,53,53,9,v3-P0-d10-t2,109
178,49,49,49,9,v3-P0-d10-t10,109
179,88,88,88,3,v3-P60-d10-t1,109
180,73,73,73,9,v3-P0-d10-t10,109
181,56,56,56,9,v3-P0-d10-t5,109
182,71,71,71,37,v3-P0-d45-t8,109
183,55,55,55,5,v3-P120-d45-t4,109
184,78,78,78,9,v3-P0-d10-t3,109
185,28,28,28,9,v3-P0-d10-t1,109
186,32,32,32,9,v3-P0-d10-t5,109
187,118,118,118,30,v3-P0-d45-t7,109
188,80,80,80,10,v3-P0-d10-t5,109
189,88,88,88,9,v3-P0-d10-t1,109
190,94,94,94,6,v3-P0-d45-t7,109
191,14,14,14,5,v3-P0-d10-t5,109
192,97,97,97,9,v3-P0-d10-t10,109
193,82,82,82,9,v3-P0-d10-t7,109
194,90,90,90,9,v3-P0-d10-t3,109
195,71,71,71,31,v3-P0-d45-t8,109
196,123,123,123,4,v3-P60-d45-t6,109
197,110,110,110,9,v3-P0-d10-t11,109
198,120,120,120,9,v3-P0-d10-t9,109
199,63,63,63,5,v3-P120-d10-t6,109
200,77,77,77,37,v3-P0-d45-t2,109
201,20,20,20,9,v3-P0-d10-t5,109
202,91,91,91,6,v3-P60-d10-t4,109
203,90,90,90,3,v3-P60-d45-t3,109
204,92,92,92,9,v3-P0-d10-t5,109
205,76,76,76,5,v3-P60-d45-t1,109
206,119,119,119,31,v3-P0-d45-t8,109
207,20,20,20,9,v3-P0-d10-t5,109
208,49,49,49,9,v3-P0-d10-t10,109
209,114,114,114,9,v3-P0-d10-t3,109
210,37,37,37,9,v3-P0-d10-t10,109
211,62,62,62,7,v3-P0-d10-t11,109
212,51,51,51,9,v3-P0-d10-t12,109
213,64,64,64,9,v3-P0-d10-t1,109
214,52,52,52,9,v3-P0-d10-t1,109
215,56,56,56,9,v3-P0-d10-t5,109
216,90,90,90,7,v3-P0-d10-t3,109
217,81,81,81,9,v3-P0-d10-t6,109
218,59,59,59,9,v3-P0-d10-t8,109
219,59,59,59,4,v3-P60-d10-t8,109
220,74,74,74,7,v3-P60-d30-t11,109
221,69,69,69,9,v3-P0-d10-t6,109
222,14,14,14,7,v3-P0-d10-t11,109
223,33,33,33,9,v3-P0-d10-t6,109
224,66,66,66,14,v3-P0-d30-t3,109
225,86,86,86,9,v3-P0-d10-t11,109
226,38,38,38,9,v3-P0-d10-t11,109
227,57,57,57,28,v3-P0-d45-t6,109
228,39,39,39,9,v3-P0-d10-t12,109
229,105,105,105,4,v3-P120-d45-t6,109
230,107,107,107,12,v3-P0-d10-t8,109
231,86,86,86,9,v3-P0-d10-t11,109
232,83,83,83,9,v3-P0-d10-t8,109
233,95,95,95,9,v3-P0-d10-t8,109
234,35,35,35,9,v3-P0-d10-t8,109
235,61,61,61,21,v3-P0-d45-t10,109
236,74,74,74,11,v3-P60-d10-t5,109
237,93,93,93,3,v3-P120-d45-t11,109
238,14,14,14,7,v3-P0-d10-t7,109
239,99,99,99,4,v3-P0-d10-t12,109
240,66,66,66,9,v3-P0-d10-t3,109
241,74,74,74,22,v3-P0-d30-t11,109
242,43,43,43,9,v3-P0-d10-t4,109
243,62,62,62,9,v3-P0-d10-t11,109
244,61,61,61,9,v3-P0-d10-t10,109
245,48,48,48,9,v3-P0-d10-t4,109
246,97,97,97,9,v3-P0-d10-t10,109
247,71,71,71,9,v3-P0-d10-t8,109
248,167,167,167,9,v3-P0-d10-t8,109
249,57,57,57,9,v3-P0-d10-t6,109
250,57,57,57,4,v3-P120-d45-t6,109
251,58,58,58,18,v3-P0-d45-t7,109
252,84,84,84,8,v3-P0-d10-t9,109
253,49,49,49,9,v3-P0-d10-t10,109
254,61,61,61,9,v3-P0-d10-t10,109
255,60,60,60,9,v3-P0-d10-t9,109
256,59,59,59,7,v3-P0-d45-t8,109
257,52,52,52,9,v3-P0-d10-t1,109
258,77,77,77,9,v3-P0-d10-t2,109
259,91,91,91,9,v3-P0-d10-t4,109
260,61,61,61,9,v3-P0-d10-t10,109
261,94,94,94,9,v3-P60-d10-t7,109
262,83,83,83,43,v3-P0-d45-t8,109
263,82,82,82,3,v3-P0-d10-t7,109
264,90,90,90,9,v3-P0-d10-t3,109
265,78,78,78,9,v3-P0-d10-t3,109
266,78,78,78,9,v3-P0-d10-t3,109
267,44,44,44,3,v3-P120-d30-t11,109
268,64,64,64,9,v3-P0-d10-t1,109
269,66,66,66,9,v3-P0-d10-t3,109
270,103,103,103,5,v3-P0-d10-t4,109
271,68,68,68,5,v3-P60-d10-t1,109
272,114,114,114,3,v3-P60-d10-t3,109
273,78,78,78,3,v3-P60-d45-t6,109
274,51,51,51,9,v3-P0-d10-t12,109
275,62,62,62,9,v3-P0-d10-t11,109
276,67,67,67,9,v3-P0-d10-t4,109
277,59,59,59,9,v3-P0-d10-t8,109
278,40,40,40,3,v3-P60-d10-t1,109
279,111,111,111,3,v3-P60-d10-t12,109
280,95,95,95,10,v3-P60-d30-t8,109
281,89,89,89,5,v3-P0-d45-t2,109
282,36,36,36,5,v3-P120-d10-t6,109
283,30,30,30,9,v3-P0-d10-t3,109
284,77,77,77,9,v3-P0-d10-t2,109
285,75,75,75,9,v3-P0-d10-t12,109
286,22,22,22,9,v3-P0-d10-t7,109
287,105,105,105,9,v3-P0-d10-t6,109
288,88,88,88,4,v3-P120-d30-t1,109
289,82,82,82,9,v3-P0-d10-t7,109
290,78,78,78,4,v3-P120-d30-t3,109
291,85,85,85,9,v3-P0-d10-t10,109
292,67,67,67,27,v3-P0-d30-t4,109
293,16,16,16,7,v3-P0-d10-t1,109
294,67,67,67,8,v3-P0-d10-t4,109
295,91,91,91,7,v3-P60-d30-t4,109
296,65,65,65,9,v3-P0-d10-t2,109
297,76,76,76,36,v3-P0-d45-t1,109
298,25,25,25,9,v3-P0-d10-t10,109
299,84,84,84,8,v3-P0-d10-t9,109
