nodo_a	nodo_b	producidos	admitidos	no_admitidos	negativos	n	p50	p95	max
A	B	182	182	0	0	182	117286542	264123566	4747446201
A	C	182	182	0	0	182	116926279	302749980	423556322
A	D	182	182	0	0	182	316411693359	746366024332	762857409672
B	A	169	169	0	0	169	118215189	274525091	1037262112
B	C	169	169	0	0	169	121221878	240829159	1189717014
B	D	169	169	0	0	169	411648381368	720971350929	760725179981
C	A	232	232	0	0	232	116925420	414391144	2284968193
C	B	232	232	0	0	232	120273767	287362075	2508618173
C	D	232	232	0	0	232	344908116825	722241894858	760558305254
D	A	0	0	0	0	0			
D	B	0	0	0	0	0			
D	C	0	0	0	0	0			
