distribucion	tipo	α	objetivo_uno_menos_2α	f_estrella	Φ_de_f_estrella	brecha_Φ_menos_p	τ_min_n1	τ_min_n2	κq_min	carga_marginal	carga_1000x_menor	proporcion_cargas
pareto-a2.05	continuo	0.1	0.8	1.236787964e-08	0.8	1.110223025e-16	1.236787964e-08	6.183939818e-09	6.758404173e-12	1	1000	1000
pareto-a2.05	continuo	0.25	0.5	1.93506355e-08	0.5	1.110223025e-16	1.93506355e-08	9.675317749e-09	1.057411776e-11	1	1000	1000
pareto-a2.05	continuo	0.3333333333	0.3333333333	2.847089972e-08	0.3333333333	5.551115123e-17	2.847089972e-08	1.423544986e-08	1.55578687e-11	1	1000	1000
pareto-a2.05	continuo	0.4	0.2	4.63111656e-08	0.2	2.775557562e-17	4.63111656e-08	2.31555828e-08	2.530664787e-11	1	1000	1000
pareto-a2.05	continuo	0.45	0.1	8.961504714e-08	0.1	1.387778781e-17	8.961504714e-08	4.480752357e-08	4.896997111e-11	1	1000	1000
pareto-a2.2-H3	continuo	0.1	0.8	1.204365605e-08	0.8	1.110223025e-15	1.204365605e-08	6.021828025e-09	6.581232814e-12	1	1000	1000
pareto-a2.2-H3	continuo	0.25	0.5	1.781797436e-08	0.5	5.551115123e-16	1.781797436e-08	8.90898718e-09	9.73659801e-12	1	1000	1000
pareto-a2.2-H3	continuo	0.3333333333	0.3333333333	2.498049532e-08	0.3333333333	4.440892099e-16	2.498049532e-08	1.249024766e-08	1.365054389e-11	1	1000	1000
pareto-a2.2-H3	continuo	0.4	0.2	3.823622453e-08	0.2	2.498001805e-16	3.823622453e-08	1.911811227e-08	2.089411177e-11	1	1000	1000
pareto-a2.2-H3	continuo	0.45	0.1	6.812920678e-08	0.1	1.249000903e-16	6.812920678e-08	3.406460339e-08	3.722907474e-11	1	1000	1000
pareto-a2.5	continuo	0.1	0.8	1.160397208e-08	0.8	-1.221245327e-15	1.160397208e-08	5.801986042e-09	6.340968352e-12	1	1000	1000
pareto-a2.5	continuo	0.25	0.5	1.587401052e-08	0.5	-7.771561172e-16	1.587401052e-08	7.93700526e-09	8.674322688e-12	1	1000	1000
pareto-a2.5	continuo	0.3333333333	0.3333333333	2.080083823e-08	0.3333333333	-4.440892099e-16	2.080083823e-08	1.040041912e-08	1.136657827e-11	1	1000	1000
pareto-a2.5	continuo	0.4	0.2	2.924017738e-08	0.2	-3.053113318e-16	2.924017738e-08	1.462008869e-08	1.597823901e-11	1	1000	1000
pareto-a2.5	continuo	0.45	0.1	4.641588834e-08	0.1	-1.526556659e-16	4.641588834e-08	2.320794417e-08	2.536387341e-11	1	1000	1000
pareto-a3.0	continuo	0.1	0.8	1.118033989e-08	0.8	-1.110223025e-16	1.118033989e-08	5.590169944e-09	6.109475348e-12	1	1000	1000
pareto-a3.0	continuo	0.25	0.5	1.414213562e-08	0.5	0	1.414213562e-08	7.071067812e-09	7.727942964e-12	1	1000	1000
pareto-a3.0	continuo	0.3333333333	0.3333333333	1.732050808e-08	0.3333333333	5.551115123e-17	1.732050808e-08	8.660254038e-09	9.464758511e-12	1	1000	1000
pareto-a3.0	continuo	0.4	0.2	2.236067977e-08	0.2	-5.551115123e-17	2.236067977e-08	1.118033989e-08	1.22189507e-11	1	1000	1000
pareto-a3.0	continuo	0.45	0.1	3.16227766e-08	0.1	1.387778781e-17	3.16227766e-08	1.58113883e-08	1.728020579e-11	1	1000	1000
iguales-1e6	discreto	0.1	0.8	1e-06	1/1	0.2	1e-06	5e-07	5.464480874e-10	1	1000	1000
iguales-1e6	discreto	0.25	0.5	1e-06	1/1	0.5	1e-06	5e-07	5.464480874e-10	1	1000	1000
iguales-1e6	discreto	0.3333333333	0.3333333333	1e-06	1/1	0.6666666667	1e-06	5e-07	5.464480874e-10	1	1000	1000
iguales-1e6	discreto	0.4	0.2	1e-06	1/1	0.8	1e-06	5e-07	5.464480874e-10	1	1000	1000
iguales-1e6	discreto	0.45	0.1	1e-06	1/1	0.9	1e-06	5e-07	5.464480874e-10	1	1000	1000
dos-niveles-0.34	discreto	0.1	0.8	6.6e-07	1	0.2	6.6e-07	3.3e-07	3.606557377e-10	1	1000	1000
dos-niveles-0.34	discreto	0.25	0.5	6.6e-07	1	0.5	6.6e-07	3.3e-07	3.606557377e-10	1	1000	1000
dos-niveles-0.34	discreto	0.3333333333	0.3333333333	0.34	0.34	0.006666666667	0.34	0.17	0.0001857923497	1	1000	1000
dos-niveles-0.34	discreto	0.4	0.2	0.34	0.34	0.14	0.34	0.17	0.0001857923497	1	1000	1000
dos-niveles-0.34	discreto	0.45	0.1	0.34	0.34	0.24	0.34	0.17	0.0001857923497	1	1000	1000
dos-niveles-0.50	discreto	0.1	0.8	0.001	1	0.2	0.001	0.0005	5.464480874e-07	1	1000	1000
dos-niveles-0.50	discreto	0.25	0.5	0.001	1	0.5	0.001	0.0005	5.464480874e-07	1	1000	1000
dos-niveles-0.50	discreto	0.3333333333	0.3333333333	0.5	0.5	0.1666666667	0.5	0.25	0.0002732240437	1	1000	1000
dos-niveles-0.50	discreto	0.4	0.2	0.5	0.5	0.3	0.5	0.25	0.0002732240437	1	1000	1000
dos-niveles-0.50	discreto	0.45	0.1	0.5	0.5	0.4	0.5	0.25	0.0002732240437	1	1000	1000
