distribucion	α	f_estrella	f	factor_menor	carga	τ_min
pareto-a2.05	0.3333333333	2.847089972e-08	2.847089972e-08	1	1	2.847089972e-08
pareto-a2.05	0.3333333333	2.847089972e-08	2.847089972e-09	10	10	2.847089972e-08
pareto-a2.05	0.3333333333	2.847089972e-08	2.847089972e-10	100	100	2.847089972e-08
pareto-a2.05	0.3333333333	2.847089972e-08	2.847089972e-11	1000	1000	2.847089972e-08
pareto-a2.05	0.3333333333	2.847089972e-08	2.847089972e-12	10000	10000	2.847089972e-08
pareto-a2.05	0.3333333333	2.847089972e-08	2.847089972e-13	100000	100000	2.847089972e-08
pareto-a2.05	0.3333333333	2.847089972e-08	2.847089972e-14	1000000	1000000	2.847089972e-08
pareto-a2.2-H3	0.3333333333	2.498049532e-08	2.498049532e-08	1	1	2.498049532e-08
pareto-a2.2-H3	0.3333333333	2.498049532e-08	2.498049532e-09	10	10	2.498049532e-08
pareto-a2.2-H3	0.3333333333	2.498049532e-08	2.498049532e-10	100	100	2.498049532e-08
pareto-a2.2-H3	0.3333333333	2.498049532e-08	2.498049532e-11	1000	1000	2.498049532e-08
pareto-a2.2-H3	0.3333333333	2.498049532e-08	2.498049532e-12	10000	10000	2.498049532e-08
pareto-a2.2-H3	0.3333333333	2.498049532e-08	2.498049532e-13	100000	100000	2.498049532e-08
pareto-a2.2-H3	0.3333333333	2.498049532e-08	2.498049532e-14	1000000	1000000	2.498049532e-08
pareto-a2.5	0.3333333333	2.080083823e-08	2.080083823e-08	1	1	2.080083823e-08
pareto-a2.5	0.3333333333	2.080083823e-08	2.080083823e-09	10	10	2.080083823e-08
pareto-a2.5	0.3333333333	2.080083823e-08	2.080083823e-10	100	100	2.080083823e-08
pareto-a2.5	0.3333333333	2.080083823e-08	2.080083823e-11	1000	1000	2.080083823e-08
pareto-a2.5	0.3333333333	2.080083823e-08	2.080083823e-12	10000	10000	2.080083823e-08
pareto-a2.5	0.3333333333	2.080083823e-08	2.080083823e-13	100000	100000	2.080083823e-08
pareto-a2.5	0.3333333333	2.080083823e-08	2.080083823e-14	1000000	1000000	2.080083823e-08
pareto-a3.0	0.3333333333	1.732050808e-08	1.732050808e-08	1	1	1.732050808e-08
pareto-a3.0	0.3333333333	1.732050808e-08	1.732050808e-09	10	10	1.732050808e-08
pareto-a3.0	0.3333333333	1.732050808e-08	1.732050808e-10	100	100	1.732050808e-08
pareto-a3.0	0.3333333333	1.732050808e-08	1.732050808e-11	1000	1000	1.732050808e-08
pareto-a3.0	0.3333333333	1.732050808e-08	1.732050808e-12	10000	10000	1.732050808e-08
pareto-a3.0	0.3333333333	1.732050808e-08	1.732050808e-13	100000	100000	1.732050808e-08
pareto-a3.0	0.3333333333	1.732050808e-08	1.732050808e-14	1000000	1000000	1.732050808e-08
iguales-1e6	0.3333333333	1e-06	1e-06	1	1	1e-06
iguales-1e6	0.3333333333	1e-06	1e-07	10	10	1e-06
iguales-1e6	0.3333333333	1e-06	1e-08	100	100	1e-06
iguales-1e6	0.3333333333	1e-06	1e-09	1000	1000	1e-06
iguales-1e6	0.3333333333	1e-06	1e-10	10000	10000	1e-06
iguales-1e6	0.3333333333	1e-06	1e-11	100000	100000	1e-06
iguales-1e6	0.3333333333	1e-06	1e-12	1000000	1000000	1e-06
dos-niveles-0.34	0.3333333333	0.34	0.34	1	1	0.34
dos-niveles-0.34	0.3333333333	0.34	0.034	10	10	0.34
dos-niveles-0.34	0.3333333333	0.34	0.0034	100	100	0.34
dos-niveles-0.34	0.3333333333	0.34	0.00034	1000	1000	0.34
dos-niveles-0.34	0.3333333333	0.34	3.4e-05	10000	10000	0.34
dos-niveles-0.34	0.3333333333	0.34	3.4e-06	100000	100000	0.34
dos-niveles-0.34	0.3333333333	0.34	3.4e-07	1000000	1000000	0.34
dos-niveles-0.50	0.3333333333	0.5	0.5	1	1	0.5
dos-niveles-0.50	0.3333333333	0.5	0.05	10	10	0.5
dos-niveles-0.50	0.3333333333	0.5	0.005	100	100	0.5
dos-niveles-0.50	0.3333333333	0.5	0.0005	1000	1000	0.5
dos-niveles-0.50	0.3333333333	0.5	5e-05	10000	10000	0.5
dos-niveles-0.50	0.3333333333	0.5	5e-06	100000	100000	0.5
dos-niveles-0.50	0.3333333333	0.5	5e-07	1000000	1000000	0.5
