clave	mediana_s	unidad_original	fuente	estado
criterion/m1/tabla_1_hilo_semilla_fija	8.187200000000e-1	ms	mediciones/m1_tabla.txt	medido
criterion/m1/tabla_1_hilo_semilla_fresca	8.091300000000e-1	ms	mediciones/m1_tabla.txt	medido
criterion/m1/tabla_paralela_interna	1.180500000000e-1	ms	mediciones/m1_tabla.txt	medido
criterion/m2_aislado/distancia_un_acierto	5.158700000000e-8	ns	mediciones/m2_reto.txt	medido
criterion/m2_aislado/rank_select_bucket_alto	1.999600000000e-6	µs	mediciones/m2_reto.txt	medido
criterion/m2_aislado/rank_select_bucket_medio	1.203400000000e-6	µs	mediciones/m2_reto.txt	medido
criterion/m2_w1/construir_objetivo	4.143800000000e-8	ns	mediciones/m2_reto.txt	medido
criterion/m2_w1/derivar_buckets	1.571800000000e-8	ns	mediciones/m2_reto.txt	medido
criterion/m2_w1/lote_and_64k	4.210900000000e-7	ns	mediciones/m2_reto.txt	medido
criterion/m2_w1/por_bucket	3.461800000000e-9	ns	mediciones/m2_reto.txt	medido
criterion/m2_w10/construir_objetivo	4.153100000000e-8	ns	mediciones/m2_reto.txt	medido
criterion/m2_w10/derivar_buckets	2.327300000000e-8	ns	mediciones/m2_reto.txt	medido
criterion/m2_w10/lote_and_64k	4.212300000000e-7	ns	mediciones/m2_reto.txt	medido
criterion/m2_w10/por_bucket	4.247900000000e-6	µs	mediciones/m2_reto.txt	medido
criterion/m2_w100/construir_objetivo	6.256700000000e-8	ns	mediciones/m2_reto.txt	medido
criterion/m2_w100/derivar_buckets	1.512500000000e-7	ns	mediciones/m2_reto.txt	medido
criterion/m2_w100/lote_and_64k	4.163100000000e-7	ns	mediciones/m2_reto.txt	medido
criterion/m2_w100/por_bucket	4.191200000000e-5	µs	mediciones/m2_reto.txt	medido
criterion/m2_w1000/construir_objetivo	2.549100000000e-7	ns	mediciones/m2_reto.txt	medido
criterion/m2_w1000/derivar_buckets	1.186900000000e-6	µs	mediciones/m2_reto.txt	medido
criterion/m2_w1000/lote_and_64k	4.200800000000e-7	ns	mediciones/m2_reto.txt	medido
criterion/m2_w1000/por_bucket	4.893800000000e-4	µs	mediciones/m2_reto.txt	medido
criterion/m2_w10000/construir_objetivo	2.051900000000e-6	µs	mediciones/m2_reto.txt	medido
criterion/m2_w10000/derivar_buckets	1.156600000000e-5	µs	mediciones/m2_reto.txt	medido
criterion/m2_w10000/lote_and_64k	4.178500000000e-7	ns	mediciones/m2_reto.txt	medido
criterion/m2_w10000/por_bucket	4.882100000000e-3	ms	mediciones/m2_reto.txt	medido
criterion/m3/erasure_extend_pieza_1MiB	2.510500000000e-3	ms	mediciones/m3_ganador.txt	medido
criterion/m3/erasure_recover_poly	7.172900000000e-2	ms	mediciones/m3_ganador.txt	medido
criterion/m3/kzg_chunk_witness	1.900000000000e-2	ms	mediciones/m3_ganador.txt	medido
criterion/m3/kzg_commit_pieza	1.682200000000e-2	ms	mediciones/m3_ganador.txt	medido
criterion/m3/kzg_poly_pieza_1MiB	1.463700000000e-3	ms	mediciones/m3_ganador.txt	medido
criterion/m3/tabla_para_la_semilla_ganadora	8.194600000000e-1	ms	mediciones/m3_ganador.txt	medido
criterion/m3_io/leer_pieza_local_1MiB	2.147500000000e-5	µs	mediciones/m3_ganador.txt	medido
criterion/m4/responder_1_bucket_mapa_compacto_alto	1.990000000000e-6	µs	mediciones/m4_cono.txt	medido
criterion/m4/responder_1_bucket_mapa_compacto_medio	1.208000000000e-6	µs	mediciones/m4_cono.txt	medido
criterion/m4/responder_1_bucket_siete_tablas_medio	1.119200000000e-7	ns	mediciones/m4_cono.txt	medido
banco/rayon_hilos	24	hilos	entorno de la corrida	configurado
escalado/single/1hilos	1.224393	tablas/s	mediciones/m1_escalado.txt	medido
escalado/parallel/1hilos	1.298440	tablas/s	mediciones/m1_escalado.txt	medido
escalado/single/2hilos	2.277947	tablas/s	mediciones/m1_escalado.txt	medido
escalado/parallel/2hilos	2.246589	tablas/s	mediciones/m1_escalado.txt	medido
escalado/single/4hilos	4.291152	tablas/s	mediciones/m1_escalado.txt	medido
escalado/parallel/4hilos	3.781335	tablas/s	mediciones/m1_escalado.txt	medido
escalado/single/8hilos	7.944709	tablas/s	mediciones/m1_escalado.txt	medido
escalado/parallel/8hilos	5.848277	tablas/s	mediciones/m1_escalado.txt	medido
escalado/single/16hilos	14.822082	tablas/s	mediciones/m1_escalado.txt	medido
escalado/parallel/16hilos	8.791582	tablas/s	mediciones/m1_escalado.txt	medido
escalado/single/24hilos	17.524526	tablas/s	mediciones/m1_escalado.txt	medido
escalado/parallel/24hilos	7.967746	tablas/s	mediciones/m1_escalado.txt	medido
escalado/anidado/1hilos	10.080590	tablas/s	mediciones/m1_escalado.txt	medido
escalado/anidado/2hilos	14.229325	tablas/s	mediciones/m1_escalado.txt	medido
escalado/anidado/4hilos	20.879337	tablas/s	mediciones/m1_escalado.txt	medido
escalado/anidado/8hilos	25.027041	tablas/s	mediciones/m1_escalado.txt	medido
escalado/anidado/16hilos	24.781500	tablas/s	mediciones/m1_escalado.txt	medido
escalado/anidado/24hilos	24.732272	tablas/s	mediciones/m1_escalado.txt	medido
cono/create_siete_tablas	0.756997	s	mediciones/m4_cono_tablas.txt	medido
cono/create_proofs	0.833873	s	mediciones/m4_cono_tablas.txt	medido
cono/create_proofs_parallel_24h	0.123055	s	mediciones/m4_cono_tablas.txt	medido
cono/cota_superior_poda_extraccion	0.076876	s	mediciones/m4_cono_tablas.txt	medido
cono/fraccion_podable_sobre_create_proofs	0.092191	s	mediciones/m4_cono_tablas.txt	medido
cono/pruebas_por_tabla	32768	s	mediciones/m4_cono_tablas.txt	medido
cono/sizeof_Proofs20_bytes	5251072	s	mediciones/m4_cono_tablas.txt	medido
distribucion/bucket_max	58410	indice	mediciones/distribucion.txt	medido
distribucion/o	0.500000	probabilidad	mediciones/distribucion.txt	medido
ram/sizeof_Proofs20	5251072	bytes	mediciones/m1_ram.txt	medido
ram/byte_por_tabla	10927616	bytes	mediciones/m1_ram.txt	medido
