metrica	ambito	n	ausentes	p50	p95	max	unidad
latencia_propagacion_ns	A->B	22	0	108307865	894644543	901916637	ns
latencia_propagacion_ns	A->C	22	0	107598218	904479867	905905982	ns
latencia_propagacion_ns	B->A	32	0	86736422	246370746	1019601125	ns
latencia_propagacion_ns	B->C	32	0	100257757	2045025297	3072797816	ns
latencia_propagacion_ns	C->A	36	0	95050535	298282556	305382022	ns
latencia_propagacion_ns	C->B	36	0	100143898	2101124887	3104739282	ns
latencia_propagacion_ns	total	180	0	99277345	904479867	3104739282	ns
t_cabecera_ns	todos	192	0	65346346	129575083	263576232	ns
t_admision_ns	todos	192	0	31089	123878	316064	ns
t_persistencia_ns	todos	192	0	698307	4084782	6935159	ns
t_total_ns	todos	192	0	95145063	885272011	1018657333	ns
bloques_por_slot	todos	66	33	1	2	3	bloques/slot
padres_por_bloque	todos	62	33	1	2	3	padres
profundidad_reorg	todos	351	0	0	1	3	bloques
arranque_ns	todos	0	3				ns
duracion_reinicio_ns	todos	3	0	89798634	94879208	94879208	ns
rss_kib	A	155	0	651324	730712	781564	KiB
read_bytes_intervalo	A	154	0	0	0	0	bytes
write_bytes_intervalo	A	154	0	36864	151552	2404352	bytes
disco_datos_bytes	A	1	0	4635517	4635517	4635517	bytes
rss_kib	B	155	0	669728	727380	778444	KiB
read_bytes_intervalo	B	154	0	0	0	0	bytes
write_bytes_intervalo	B	154	0	36864	151552	2404352	bytes
disco_datos_bytes	B	1	0	6749847	6749847	6749847	bytes
rss_kib	C	155	0	653696	749656	800792	KiB
read_bytes_intervalo	C	154	0	0	0	0	bytes
write_bytes_intervalo	C	154	0	36864	143360	2367488	bytes
disco_datos_bytes	C	1	0	8863702	8863702	8863702	bytes
divergencia_fraccion_tiempo	total	1	0	0.081492	0.081492	0.081492	fraccion
media_bloques_por_slot	todos	1	0	0.939394	0.939394	0.939394	bloques/slot
fraccion_rojos	todos	1	33	0.285714	0.285714	0.285714	fraccion
estado_final_igual	total	1	0	1.000000	1.000000	1.000000	booleano
cpu_util	A	154	0	1.003553	9.902335	12.428461	s/s
cpu_util	B	154	0	1.060815	10.051266	12.954597	s/s
cpu_util	C	154	0	1.061820	9.157124	11.708718	s/s
