inicio_pared_ns	duracion_hasta_coincidencia_ns	truncada
1790531821190752703	2471018901	0
1790531823679323172	117019564	0
1790531824690076680	113563339	0
1790531825990580720	106306976	0
1790531827264362245	103960622	0
1790531828640232198	96736808	0
1790531829545913376	116747378	0
1790531830957719327	106958335	0
1790531831896806872	86389474	0
1790531833195032315	100150234	0
1790531834606828687	110248192	0
1790531835455359687	119242862	0
1790531836893063369	85896593	0
1790531837964433288	99153273	0
1790531839202169947	92025517	0
1790531840666371067	104899183	0
1790531841340847043	99488846	0
1790531842623034870	92530707	0
1790531844220291419	104420753	0
1790531845405890126	107289018	0
1790531846795153885	87631174083	0
1790531936016336295	152050490	0
1790531943623833398	227875054	0
1790531945135376821	101333681	0
1790531946108623859	96892745	0
1790531947160676574	121120046	0
1790531948448862747	104920093	0
1790531949443598378	78643300	0
