h,z,p_articulo,p_formula,error
0.1000,0,1.0000000,1,0.000e+00
0.1000,1,0.2045873,0.204587273943,2.606e-08
0.1000,2,0.0509779,0.0509778928393,7.161e-09
0.1000,3,0.0131722,0.0131722416789,4.168e-08
0.1000,4,0.0034552,0.00345524346649,4.347e-08
0.1000,5,0.0009137,0.000913682187928,1.781e-08
0.1000,6,0.0002428,0.000242802745363,2.745e-09
0.1000,7,0.0000647,6.47353169271e-05,3.532e-08
0.1000,8,0.0000173,1.72998041871e-05,1.958e-10
0.1000,9,0.0000046,4.63116397265e-06,3.116e-08
0.1000,10,0.0000012,1.24140217483e-06,4.140e-08
0.3000,0,1.0000000,1,0.000e+00
0.3000,5,0.1773523,0.177352311361,1.136e-08
0.3000,10,0.0416605,0.041660479969,2.003e-08
0.3000,15,0.0101008,0.0101007621731,3.783e-08
0.3000,20,0.0024804,0.00248039817824,1.822e-09
0.3000,25,0.0006132,0.000613228391006,2.839e-08
0.3000,30,0.0001522,0.000152233942283,3.394e-08
0.3000,35,0.0000379,3.78957671937e-05,4.233e-09
0.3000,40,0.0000095,9.45172267697e-06,4.828e-08
0.3000,45,0.0000024,2.36076443838e-06,3.924e-08
0.3000,50,0.0000006,5.90295388903e-07,9.705e-09
