h,Mdep,n,cortes,p_corte,lo999,hi999,frac_censurado,t_corte_media,t_corte_p50,t_corte_p99,frac_adv_media,frac_adv_p99
0.1000,1,100000,100000,1.00000000,0.99989174,1.00000000,0.00000000,2.2326,1.8680,7.4570,0.005052,0.500000
0.1000,3,100000,100000,1.00000000,0.99989174,1.00000000,0.00000000,4.4570,4.0772,11.3651,0.004436,0.333333
0.1000,6,100000,100000,1.00000000,0.99989174,1.00000000,0.00000000,7.8072,7.4291,16.3756,0.003081,0.222222
0.1000,12,100000,100000,1.00000000,0.99989174,1.00000000,0.00000000,14.4634,14.0957,25.4049,0.001828,0.133333
0.2500,1,100000,100000,1.00000000,0.99989174,1.00000000,0.00000000,2.7528,2.2570,9.7952,0.031816,0.500000
0.2500,3,100000,100000,1.00000000,0.99989174,1.00000000,0.00000000,5.5373,4.9622,15.3782,0.037959,0.500000
0.2500,6,100000,100000,1.00000000,0.99989174,1.00000000,0.00000000,9.6226,9.0051,22.2630,0.031796,0.461538
0.2500,12,100000,100000,1.00000000,0.99989174,1.00000000,0.00000000,17.6769,17.0973,33.2033,0.021342,0.315789
0.4000,1,100000,100000,1.00000000,0.99989174,1.00000000,0.00000000,3.6443,2.8890,13.9161,0.084755,0.666667
0.4000,3,100000,100000,1.00000000,0.99989174,1.00000000,0.00000000,7.7128,6.5000,24.6208,0.125959,0.666667
0.4000,6,100000,100000,1.00000000,0.99989174,1.00000000,0.00000000,13.6978,11.9392,39.5464,0.133774,0.666667
0.4000,12,100000,100000,1.00000000,0.99989174,1.00000000,0.00000000,25.1202,22.4813,64.3027,0.122341,0.617647
0.5000,1,100000,100000,1.00000000,0.99989174,1.00000000,0.00000000,4.6762,3.6150,18.3372,0.136615,0.750000
0.5000,3,100000,100000,1.00000000,0.99989174,1.00000000,0.00000000,10.6585,8.5149,38.0149,0.224052,0.777778
0.5000,6,100000,100000,1.00000000,0.99989174,1.00000000,0.00000000,20.4809,16.3496,70.0694,0.270387,0.800000
0.5000,12,100000,100000,1.00000000,0.99989174,1.00000000,0.00000000,41.0191,32.5832,135.6356,0.301741,0.811594
0.6000,1,100000,100000,1.00000000,0.99989174,1.00000000,0.00000000,6.3920,4.8166,25.8250,0.206027,0.800000
0.6000,3,100000,100000,1.00000000,0.99989174,1.00000000,0.00000000,17.0147,12.8330,66.1238,0.359318,0.862069
0.6000,6,100000,100000,1.00000000,0.99989174,1.00000000,0.00000000,39.3259,29.4839,154.5947,0.469164,0.902778
0.6000,12,100000,100000,1.00000000,0.99989174,1.00000000,0.00000000,107.9588,80.0864,439.4566,0.588948,0.937198
0.9000,1,100000,100000,1.00000000,0.99989174,1.00000000,0.00000000,62.9090,44.0469,283.2815,0.610685,0.954545
0.9000,3,100000,99991,0.99991000,0.99974331,0.99996845,0.00009000,1097.6451,764.0055,5049.8760,0.924014,0.995551
0.9000,6,100000,18985,0.18985000,0.18580278,0.19396437,0.81015000,4849.1505,4788.5917,9888.4758,0.976160,0.996118
0.9000,12,100000,20,0.00020000,0.00009734,0.00041088,0.99980000,5245.7906,5014.1281,9760.9403,0.951297,0.992703
