clave_publica_cambiada	ClaveDistinta	ClaveDistinta
sector_index_cambiado	SectorDistinto	SectorDistinto
history_size_cambiado	HistoriaDistinta	HistoriaDistinta
version_cambiada	R2NoCoincide	R2NoCoincide
cbid_cambiado	R2NoCoincide	R2NoCoincide
hoja_otro_piece_offset	PieceOffsetDistinto	PieceOffsetDistinto
hoja_otro_s_bucket	SBucketDistinto	SBucketDistinto
codificado_cero	CodificadoNoUno	CodificadoNoUno(0)
camino_de_otra_posicion	CaminoNoCoincide	CaminoNoCoincide
camino_de_otra_hoja	CaminoNoCoincide	CaminoNoCoincide
raiz_de_otro_sector	R2NoCoincide	R2NoCoincide
raiz_ajena	R2NoCoincide	R2NoCoincide
digest_mapa_ajeno	R2NoCoincide	R2NoCoincide
alta_duplicada	Duplicado	Duplicado
alta_caducada	Caducado	Caducado
