piezas_in_sector	4
slots_max	128
salida_dev	0d0d0d0d0d0d0d0d0d0d0d0d0d0d0d0d
rango	18446744073709551615
t_entorno_s	3.552072
segment_commitment	97a1f20f77051b88d60a2f543841dc2934a2e6079c3be1c31a687f43015f547594e8ff9a62753515f943dc1c3f96df96
t_plot_s	0.865971
t_r2_s	0.059147
ram_vmhwm_kib	530652
sector_bytes	4227648
n_hojas	131072
hojas_rellenadas	131072
region_mapa_bytes	32800
region_chunks_bytes	4194304
region_meta_bytes	512
r1_hex	dd6e0c9b76b92d77b3c1fa3e494ed9613961d64a8ccede1e2598869ea44a692b
r2_hex	027cdb43a3b83cf3a2c71e6f9b7364c74795ff4457a72c8759dccd89d470cb10
r1_bytes	32
r2_bytes	32
digest_mapa_hex	22555687131c3b2746f92b0fc1be4c66341663f0ac739582fbe118b09b2060bd
digest_meta_hex	12c4f1d391ff1fa3cce54472d898ac39e9af85534295acf20dcf712d2c114172
raiz_chunks_hex	c1d8568ce16e695fa3126b9b3558f439de418ff9f6e4167a26173228fba03a6e
dump	resultados/sector-P4.dump
t_busqueda_s	2.392428
slots_barridos	3
soluciones_verificadas	8
slots_con_solucion	3
positivos_slots_distintos	3
apertura_bytes	649
apertura_camino_len	17
r2_sector2_hex	ff01b715cdbf7f779c26bfbbbe81cd03426fbc4da7765110160d2b6aa3f524e9
sector2_index	3
negativos_total	15
negativos_rechazados_como_esperado	15
verif_apertura_mediana_ns	4580
verif_apertura_min_ns	4520
verif_apertura_max_ns	7059
verif_apertura_n	1000
verif_poas_real_mediana_ns	1225627
verif_poas_real_n	100
r0_bytes	0
r0_verificacion_ns	0
poas_verificador_real_distancia	2887663310825691046
primera_solucion_slot	0
primera_solucion_s_bucket	38349
veredicto_parcial	superada_parcial
