f_h,perfil,m_aus,premio_voto,perdida_anual_confiscacion,incidentes_apagado_anio,p_elegido_por_instancia_apagado
1.0e-6,siempre_encendido,1.0,0.0,0.0,0.0,0.0009995
1.0e-6,siempre_encendido,1.0,1.0,0.0,0.0,0.0009995
1.0e-6,siempre_encendido,10.0,0.0,0.0,0.0,0.0009995
1.0e-6,siempre_encendido,10.0,1.0,0.0,0.0,0.0009995
1.0e-6,siempre_encendido,100.0,0.0,0.0,0.0,0.0009995
1.0e-6,siempre_encendido,100.0,1.0,0.0,0.0,0.0009995
1.0e-6,dieciseis_horas,1.0,0.0,10506.751003,10506.751003,0.0009995
1.0e-6,dieciseis_horas,1.0,1.0,10506.751003,10506.751003,0.0009995
1.0e-6,dieciseis_horas,10.0,0.0,105067.510026,10506.751003,0.0009995
1.0e-6,dieciseis_horas,10.0,1.0,105067.510026,10506.751003,0.0009995
1.0e-6,dieciseis_horas,100.0,0.0,1.050675100261e6,10506.751003,0.0009995
1.0e-6,dieciseis_horas,100.0,1.0,1.050675100261e6,10506.751003,0.0009995
1.0e-6,apagon_mensual,1.0,0.0,262.668775,262.668775,0.0009995
1.0e-6,apagon_mensual,1.0,1.0,262.668775,262.668775,0.0009995
1.0e-6,apagon_mensual,10.0,0.0,2626.687751,262.668775,0.0009995
1.0e-6,apagon_mensual,10.0,1.0,2626.687751,262.668775,0.0009995
1.0e-6,apagon_mensual,100.0,0.0,26266.877507,262.668775,0.0009995
1.0e-6,apagon_mensual,100.0,1.0,26266.877507,262.668775,0.0009995
0.0001,siempre_encendido,1.0,0.0,0.0,0.0,0.09516711
0.0001,siempre_encendido,1.0,1.0,0.0,0.0,0.09516711
0.0001,siempre_encendido,10.0,0.0,0.0,0.0,0.09516711
0.0001,siempre_encendido,10.0,1.0,0.0,0.0,0.09516711
0.0001,siempre_encendido,100.0,0.0,0.0,0.0,0.09516711
0.0001,siempre_encendido,100.0,1.0,0.0,0.0,0.09516711
0.0001,dieciseis_horas,1.0,0.0,1.000396622912e6,1.000396622912e6,0.09516711
0.0001,dieciseis_horas,1.0,1.0,1.000396622912e6,1.000396622912e6,0.09516711
0.0001,dieciseis_horas,10.0,0.0,1.0003966229125e7,1.000396622912e6,0.09516711
0.0001,dieciseis_horas,10.0,1.0,1.0003966229125e7,1.000396622912e6,0.09516711
0.0001,dieciseis_horas,100.0,0.0,1.00039662291246e8,1.000396622912e6,0.09516711
0.0001,dieciseis_horas,100.0,1.0,1.00039662291246e8,1.000396622912e6,0.09516711
0.0001,apagon_mensual,1.0,0.0,25009.915573,25009.915573,0.09516711
0.0001,apagon_mensual,1.0,1.0,25009.915573,25009.915573,0.09516711
0.0001,apagon_mensual,10.0,0.0,250099.155728,25009.915573,0.09516711
0.0001,apagon_mensual,10.0,1.0,250099.155728,25009.915573,0.09516711
0.0001,apagon_mensual,100.0,0.0,2.500991557281e6,25009.915573,0.09516711
0.0001,apagon_mensual,100.0,1.0,2.500991557281e6,25009.915573,0.09516711
0.01,siempre_encendido,1.0,0.0,0.0,0.0,0.99995683
0.01,siempre_encendido,1.0,1.0,0.0,0.0,0.99995683
0.01,siempre_encendido,10.0,0.0,0.0,0.0,0.99995683
0.01,siempre_encendido,10.0,1.0,0.0,0.0,0.99995683
0.01,siempre_encendido,100.0,0.0,0.0,0.0,0.99995683
0.01,siempre_encendido,100.0,1.0,0.0,0.0,0.99995683
0.01,dieciseis_horas,1.0,0.0,1.0511546183847e7,1.0511546183847e7,0.99995683
0.01,dieciseis_horas,1.0,1.0,1.0511546183847e7,1.0511546183847e7,0.99995683
0.01,dieciseis_horas,10.0,0.0,1.05115461838472e8,1.0511546183847e7,0.99995683
0.01,dieciseis_horas,10.0,1.0,1.05115461838472e8,1.0511546183847e7,0.99995683
0.01,dieciseis_horas,100.0,0.0,1.051154618384722e9,1.0511546183847e7,0.99995683
0.01,dieciseis_horas,100.0,1.0,1.051154618384722e9,1.0511546183847e7,0.99995683
0.01,apagon_mensual,1.0,0.0,262788.654596,262788.654596,0.99995683
0.01,apagon_mensual,1.0,1.0,262788.654596,262788.654596,0.99995683
0.01,apagon_mensual,10.0,0.0,2.627886545962e6,262788.654596,0.99995683
0.01,apagon_mensual,10.0,1.0,2.627886545962e6,262788.654596,0.99995683
0.01,apagon_mensual,100.0,0.0,2.6278865459618e7,262788.654596,0.99995683
0.01,apagon_mensual,100.0,1.0,2.6278865459618e7,262788.654596,0.99995683
