a_eff,K,m_split,incidentes_por_instancia,costo_m_aus_fijo_por_instancia
0.1,1000,1,1.0,10.0
0.1,1000,2,2.0,20.0
0.1,1000,5,5.0,50.0
0.1,1000,10,9.999568,99.9957
0.1,1000,50,43.246774,432.4677
0.1,1000,100,63.230458,632.3046
0.1,1000,1000,95.167106,951.6711
0.25,1000,1,1.0,10.0
0.25,1000,2,2.0,20.0
0.25,1000,5,5.0,50.0
0.25,1000,10,10.0,100.0
0.25,1000,50,49.667302,496.673
0.25,1000,100,91.817154,918.1715
0.25,1000,1000,221.223558,2212.2356
0.4,1000,1,1.0,10.0
0.4,1000,2,2.0,20.0
0.4,1000,5,5.0,50.0
0.4,1000,10,10.0,100.0
0.4,1000,50,49.983758,499.8376
0.4,1000,100,98.183069,981.8307
0.4,1000,1000,329.733592,3297.3359
