# F5 · región (ρ_ret, T_v): pérdida esperada > soborno ofrecido
# V=40000.0 u.e.; N_recl=100.0; F=7200 slots; T_v debe superar F+margen
kappa	q	rho_ret	T_v	perdida_esperada_por_reclutado	soborno_max_por_reclutado	cumple	Tv_supera_F
0.00	1.00	0.0000	0	0.000000e+00	4.000000e+02	NO	NO
0.00	1.00	0.0000	100	0.000000e+00	4.000000e+02	NO	NO
0.00	1.00	0.0000	1000	0.000000e+00	4.000000e+02	NO	NO
0.00	1.00	0.0000	10000	0.000000e+00	4.000000e+02	NO	SI
0.00	1.00	0.0000	100000	0.000000e+00	4.000000e+02	NO	SI
0.00	1.00	0.1000	0	0.000000e+00	4.000000e+02	NO	NO
0.00	1.00	0.1000	100	0.000000e+00	4.000000e+02	NO	NO
0.00	1.00	0.1000	1000	0.000000e+00	4.000000e+02	NO	NO
0.00	1.00	0.1000	10000	0.000000e+00	4.000000e+02	NO	SI
0.00	1.00	0.1000	100000	0.000000e+00	4.000000e+02	NO	SI
0.00	1.00	0.2500	0	0.000000e+00	4.000000e+02	NO	NO
0.00	1.00	0.2500	100	0.000000e+00	4.000000e+02	NO	NO
0.00	1.00	0.2500	1000	0.000000e+00	4.000000e+02	NO	NO
0.00	1.00	0.2500	10000	0.000000e+00	4.000000e+02	NO	SI
0.00	1.00	0.2500	100000	0.000000e+00	4.000000e+02	NO	SI
0.00	1.00	0.5000	0	0.000000e+00	4.000000e+02	NO	NO
0.00	1.00	0.5000	100	0.000000e+00	4.000000e+02	NO	NO
0.00	1.00	0.5000	1000	0.000000e+00	4.000000e+02	NO	NO
0.00	1.00	0.5000	10000	0.000000e+00	4.000000e+02	NO	SI
0.00	1.00	0.5000	100000	0.000000e+00	4.000000e+02	NO	SI
0.00	1.00	1.0000	0	0.000000e+00	4.000000e+02	NO	NO
0.00	1.00	1.0000	100	0.000000e+00	4.000000e+02	NO	NO
0.00	1.00	1.0000	1000	0.000000e+00	4.000000e+02	NO	NO
0.00	1.00	1.0000	10000	0.000000e+00	4.000000e+02	NO	SI
0.00	1.00	1.0000	100000	0.000000e+00	4.000000e+02	NO	SI
0.00	0.50	0.0000	0	0.000000e+00	4.000000e+02	NO	NO
0.00	0.50	0.0000	100	0.000000e+00	4.000000e+02	NO	NO
0.00	0.50	0.0000	1000	0.000000e+00	4.000000e+02	NO	NO
0.00	0.50	0.0000	10000	0.000000e+00	4.000000e+02	NO	SI
0.00	0.50	0.0000	100000	0.000000e+00	4.000000e+02	NO	SI
0.00	0.50	0.1000	0	0.000000e+00	4.000000e+02	NO	NO
0.00	0.50	0.1000	100	0.000000e+00	4.000000e+02	NO	NO
0.00	0.50	0.1000	1000	0.000000e+00	4.000000e+02	NO	NO
0.00	0.50	0.1000	10000	0.000000e+00	4.000000e+02	NO	SI
0.00	0.50	0.1000	100000	0.000000e+00	4.000000e+02	NO	SI
0.00	0.50	0.2500	0	0.000000e+00	4.000000e+02	NO	NO
0.00	0.50	0.2500	100	0.000000e+00	4.000000e+02	NO	NO
0.00	0.50	0.2500	1000	0.000000e+00	4.000000e+02	NO	NO
0.00	0.50	0.2500	10000	0.000000e+00	4.000000e+02	NO	SI
0.00	0.50	0.2500	100000	0.000000e+00	4.000000e+02	NO	SI
0.00	0.50	0.5000	0	0.000000e+00	4.000000e+02	NO	NO
0.00	0.50	0.5000	100	0.000000e+00	4.000000e+02	NO	NO
0.00	0.50	0.5000	1000	0.000000e+00	4.000000e+02	NO	NO
0.00	0.50	0.5000	10000	0.000000e+00	4.000000e+02	NO	SI
0.00	0.50	0.5000	100000	0.000000e+00	4.000000e+02	NO	SI
0.00	0.50	1.0000	0	0.000000e+00	4.000000e+02	NO	NO
0.00	0.50	1.0000	100	0.000000e+00	4.000000e+02	NO	NO
0.00	0.50	1.0000	1000	0.000000e+00	4.000000e+02	NO	NO
0.00	0.50	1.0000	10000	0.000000e+00	4.000000e+02	NO	SI
0.00	0.50	1.0000	100000	0.000000e+00	4.000000e+02	NO	SI
0.00	0.10	0.0000	0	0.000000e+00	4.000000e+02	NO	NO
0.00	0.10	0.0000	100	0.000000e+00	4.000000e+02	NO	NO
0.00	0.10	0.0000	1000	0.000000e+00	4.000000e+02	NO	NO
0.00	0.10	0.0000	10000	0.000000e+00	4.000000e+02	NO	SI
0.00	0.10	0.0000	100000	0.000000e+00	4.000000e+02	NO	SI
0.00	0.10	0.1000	0	0.000000e+00	4.000000e+02	NO	NO
0.00	0.10	0.1000	100	0.000000e+00	4.000000e+02	NO	NO
0.00	0.10	0.1000	1000	0.000000e+00	4.000000e+02	NO	NO
0.00	0.10	0.1000	10000	0.000000e+00	4.000000e+02	NO	SI
0.00	0.10	0.1000	100000	0.000000e+00	4.000000e+02	NO	SI
0.00	0.10	0.2500	0	0.000000e+00	4.000000e+02	NO	NO
0.00	0.10	0.2500	100	0.000000e+00	4.000000e+02	NO	NO
0.00	0.10	0.2500	1000	0.000000e+00	4.000000e+02	NO	NO
0.00	0.10	0.2500	10000	0.000000e+00	4.000000e+02	NO	SI
0.00	0.10	0.2500	100000	0.000000e+00	4.000000e+02	NO	SI
0.00	0.10	0.5000	0	0.000000e+00	4.000000e+02	NO	NO
0.00	0.10	0.5000	100	0.000000e+00	4.000000e+02	NO	NO
0.00	0.10	0.5000	1000	0.000000e+00	4.000000e+02	NO	NO
0.00	0.10	0.5000	10000	0.000000e+00	4.000000e+02	NO	SI
0.00	0.10	0.5000	100000	0.000000e+00	4.000000e+02	NO	SI
0.00	0.10	1.0000	0	0.000000e+00	4.000000e+02	NO	NO
0.00	0.10	1.0000	100	0.000000e+00	4.000000e+02	NO	NO
0.00	0.10	1.0000	1000	0.000000e+00	4.000000e+02	NO	NO
0.00	0.10	1.0000	10000	0.000000e+00	4.000000e+02	NO	SI
0.00	0.10	1.0000	100000	0.000000e+00	4.000000e+02	NO	SI
0.00	0.00	0.0000	0	0.000000e+00	4.000000e+02	NO	NO
0.00	0.00	0.0000	100	0.000000e+00	4.000000e+02	NO	NO
0.00	0.00	0.0000	1000	0.000000e+00	4.000000e+02	NO	NO
0.00	0.00	0.0000	10000	0.000000e+00	4.000000e+02	NO	SI
0.00	0.00	0.0000	100000	0.000000e+00	4.000000e+02	NO	SI
0.00	0.00	0.1000	0	0.000000e+00	4.000000e+02	NO	NO
0.00	0.00	0.1000	100	0.000000e+00	4.000000e+02	NO	NO
0.00	0.00	0.1000	1000	0.000000e+00	4.000000e+02	NO	NO
0.00	0.00	0.1000	10000	0.000000e+00	4.000000e+02	NO	SI
0.00	0.00	0.1000	100000	0.000000e+00	4.000000e+02	NO	SI
0.00	0.00	0.2500	0	0.000000e+00	4.000000e+02	NO	NO
0.00	0.00	0.2500	100	0.000000e+00	4.000000e+02	NO	NO
0.00	0.00	0.2500	1000	0.000000e+00	4.000000e+02	NO	NO
0.00	0.00	0.2500	10000	0.000000e+00	4.000000e+02	NO	SI
0.00	0.00	0.2500	100000	0.000000e+00	4.000000e+02	NO	SI
0.00	0.00	0.5000	0	0.000000e+00	4.000000e+02	NO	NO
0.00	0.00	0.5000	100	0.000000e+00	4.000000e+02	NO	NO
0.00	0.00	0.5000	1000	0.000000e+00	4.000000e+02	NO	NO
0.00	0.00	0.5000	10000	0.000000e+00	4.000000e+02	NO	SI
0.00	0.00	0.5000	100000	0.000000e+00	4.000000e+02	NO	SI
0.00	0.00	1.0000	0	0.000000e+00	4.000000e+02	NO	NO
0.00	0.00	1.0000	100	0.000000e+00	4.000000e+02	NO	NO
0.00	0.00	1.0000	1000	0.000000e+00	4.000000e+02	NO	NO
0.00	0.00	1.0000	10000	0.000000e+00	4.000000e+02	NO	SI
0.00	0.00	1.0000	100000	0.000000e+00	4.000000e+02	NO	SI
0.25	1.00	0.0000	0	7.500000e+00	4.000000e+02	NO	NO
0.25	1.00	0.0000	100	7.500000e+00	4.000000e+02	NO	NO
0.25	1.00	0.0000	1000	7.500000e+00	4.000000e+02	NO	NO
0.25	1.00	0.0000	10000	7.500000e+00	4.000000e+02	NO	SI
0.25	1.00	0.0000	100000	7.500000e+00	4.000000e+02	NO	SI
0.25	1.00	0.1000	0	7.500000e+00	4.000000e+02	NO	NO
0.25	1.00	0.1000	100	1.000000e+01	4.000000e+02	NO	NO
0.25	1.00	0.1000	1000	3.250000e+01	4.000000e+02	NO	NO
0.25	1.00	0.1000	10000	2.575000e+02	4.000000e+02	NO	SI
0.25	1.00	0.1000	100000	2.507500e+03	4.000000e+02	SI	SI
0.25	1.00	0.2500	0	7.500000e+00	4.000000e+02	NO	NO
0.25	1.00	0.2500	100	1.375000e+01	4.000000e+02	NO	NO
0.25	1.00	0.2500	1000	7.000000e+01	4.000000e+02	NO	NO
0.25	1.00	0.2500	10000	6.325000e+02	4.000000e+02	SI	SI
0.25	1.00	0.2500	100000	6.257500e+03	4.000000e+02	SI	SI
0.25	1.00	0.5000	0	7.500000e+00	4.000000e+02	NO	NO
0.25	1.00	0.5000	100	2.000000e+01	4.000000e+02	NO	NO
0.25	1.00	0.5000	1000	1.325000e+02	4.000000e+02	NO	NO
0.25	1.00	0.5000	10000	1.257500e+03	4.000000e+02	SI	SI
0.25	1.00	0.5000	100000	1.250750e+04	4.000000e+02	SI	SI
0.25	1.00	1.0000	0	7.500000e+00	4.000000e+02	NO	NO
0.25	1.00	1.0000	100	3.250000e+01	4.000000e+02	NO	NO
0.25	1.00	1.0000	1000	2.575000e+02	4.000000e+02	NO	NO
0.25	1.00	1.0000	10000	2.507500e+03	4.000000e+02	SI	SI
0.25	1.00	1.0000	100000	2.500750e+04	4.000000e+02	SI	SI
0.25	0.50	0.0000	0	3.750000e+00	4.000000e+02	NO	NO
0.25	0.50	0.0000	100	3.750000e+00	4.000000e+02	NO	NO
0.25	0.50	0.0000	1000	3.750000e+00	4.000000e+02	NO	NO
0.25	0.50	0.0000	10000	3.750000e+00	4.000000e+02	NO	SI
0.25	0.50	0.0000	100000	3.750000e+00	4.000000e+02	NO	SI
0.25	0.50	0.1000	0	3.750000e+00	4.000000e+02	NO	NO
0.25	0.50	0.1000	100	5.000000e+00	4.000000e+02	NO	NO
0.25	0.50	0.1000	1000	1.625000e+01	4.000000e+02	NO	NO
0.25	0.50	0.1000	10000	1.287500e+02	4.000000e+02	NO	SI
0.25	0.50	0.1000	100000	1.253750e+03	4.000000e+02	SI	SI
0.25	0.50	0.2500	0	3.750000e+00	4.000000e+02	NO	NO
0.25	0.50	0.2500	100	6.875000e+00	4.000000e+02	NO	NO
0.25	0.50	0.2500	1000	3.500000e+01	4.000000e+02	NO	NO
0.25	0.50	0.2500	10000	3.162500e+02	4.000000e+02	NO	SI
0.25	0.50	0.2500	100000	3.128750e+03	4.000000e+02	SI	SI
0.25	0.50	0.5000	0	3.750000e+00	4.000000e+02	NO	NO
0.25	0.50	0.5000	100	1.000000e+01	4.000000e+02	NO	NO
0.25	0.50	0.5000	1000	6.625000e+01	4.000000e+02	NO	NO
0.25	0.50	0.5000	10000	6.287500e+02	4.000000e+02	SI	SI
0.25	0.50	0.5000	100000	6.253750e+03	4.000000e+02	SI	SI
0.25	0.50	1.0000	0	3.750000e+00	4.000000e+02	NO	NO
0.25	0.50	1.0000	100	1.625000e+01	4.000000e+02	NO	NO
0.25	0.50	1.0000	1000	1.287500e+02	4.000000e+02	NO	NO
0.25	0.50	1.0000	10000	1.253750e+03	4.000000e+02	SI	SI
0.25	0.50	1.0000	100000	1.250375e+04	4.000000e+02	SI	SI
0.25	0.10	0.0000	0	7.500000e-01	4.000000e+02	NO	NO
0.25	0.10	0.0000	100	7.500000e-01	4.000000e+02	NO	NO
0.25	0.10	0.0000	1000	7.500000e-01	4.000000e+02	NO	NO
0.25	0.10	0.0000	10000	7.500000e-01	4.000000e+02	NO	SI
0.25	0.10	0.0000	100000	7.500000e-01	4.000000e+02	NO	SI
0.25	0.10	0.1000	0	7.500000e-01	4.000000e+02	NO	NO
0.25	0.10	0.1000	100	1.000000e+00	4.000000e+02	NO	NO
0.25	0.10	0.1000	1000	3.250000e+00	4.000000e+02	NO	NO
0.25	0.10	0.1000	10000	2.575000e+01	4.000000e+02	NO	SI
0.25	0.10	0.1000	100000	2.507500e+02	4.000000e+02	NO	SI
0.25	0.10	0.2500	0	7.500000e-01	4.000000e+02	NO	NO
0.25	0.10	0.2500	100	1.375000e+00	4.000000e+02	NO	NO
0.25	0.10	0.2500	1000	7.000000e+00	4.000000e+02	NO	NO
0.25	0.10	0.2500	10000	6.325000e+01	4.000000e+02	NO	SI
0.25	0.10	0.2500	100000	6.257500e+02	4.000000e+02	SI	SI
0.25	0.10	0.5000	0	7.500000e-01	4.000000e+02	NO	NO
0.25	0.10	0.5000	100	2.000000e+00	4.000000e+02	NO	NO
0.25	0.10	0.5000	1000	1.325000e+01	4.000000e+02	NO	NO
0.25	0.10	0.5000	10000	1.257500e+02	4.000000e+02	NO	SI
0.25	0.10	0.5000	100000	1.250750e+03	4.000000e+02	SI	SI
0.25	0.10	1.0000	0	7.500000e-01	4.000000e+02	NO	NO
0.25	0.10	1.0000	100	3.250000e+00	4.000000e+02	NO	NO
0.25	0.10	1.0000	1000	2.575000e+01	4.000000e+02	NO	NO
0.25	0.10	1.0000	10000	2.507500e+02	4.000000e+02	NO	SI
0.25	0.10	1.0000	100000	2.500750e+03	4.000000e+02	SI	SI
0.25	0.00	0.0000	0	0.000000e+00	4.000000e+02	NO	NO
0.25	0.00	0.0000	100	0.000000e+00	4.000000e+02	NO	NO
0.25	0.00	0.0000	1000	0.000000e+00	4.000000e+02	NO	NO
0.25	0.00	0.0000	10000	0.000000e+00	4.000000e+02	NO	SI
0.25	0.00	0.0000	100000	0.000000e+00	4.000000e+02	NO	SI
0.25	0.00	0.1000	0	0.000000e+00	4.000000e+02	NO	NO
0.25	0.00	0.1000	100	0.000000e+00	4.000000e+02	NO	NO
0.25	0.00	0.1000	1000	0.000000e+00	4.000000e+02	NO	NO
0.25	0.00	0.1000	10000	0.000000e+00	4.000000e+02	NO	SI
0.25	0.00	0.1000	100000	0.000000e+00	4.000000e+02	NO	SI
0.25	0.00	0.2500	0	0.000000e+00	4.000000e+02	NO	NO
0.25	0.00	0.2500	100	0.000000e+00	4.000000e+02	NO	NO
0.25	0.00	0.2500	1000	0.000000e+00	4.000000e+02	NO	NO
0.25	0.00	0.2500	10000	0.000000e+00	4.000000e+02	NO	SI
0.25	0.00	0.2500	100000	0.000000e+00	4.000000e+02	NO	SI
0.25	0.00	0.5000	0	0.000000e+00	4.000000e+02	NO	NO
0.25	0.00	0.5000	100	0.000000e+00	4.000000e+02	NO	NO
0.25	0.00	0.5000	1000	0.000000e+00	4.000000e+02	NO	NO
0.25	0.00	0.5000	10000	0.000000e+00	4.000000e+02	NO	SI
0.25	0.00	0.5000	100000	0.000000e+00	4.000000e+02	NO	SI
0.25	0.00	1.0000	0	0.000000e+00	4.000000e+02	NO	NO
0.25	0.00	1.0000	100	0.000000e+00	4.000000e+02	NO	NO
0.25	0.00	1.0000	1000	0.000000e+00	4.000000e+02	NO	NO
0.25	0.00	1.0000	10000	0.000000e+00	4.000000e+02	NO	SI
0.25	0.00	1.0000	100000	0.000000e+00	4.000000e+02	NO	SI
0.50	1.00	0.0000	0	1.500000e+01	4.000000e+02	NO	NO
0.50	1.00	0.0000	100	1.500000e+01	4.000000e+02	NO	NO
0.50	1.00	0.0000	1000	1.500000e+01	4.000000e+02	NO	NO
0.50	1.00	0.0000	10000	1.500000e+01	4.000000e+02	NO	SI
0.50	1.00	0.0000	100000	1.500000e+01	4.000000e+02	NO	SI
0.50	1.00	0.1000	0	1.500000e+01	4.000000e+02	NO	NO
0.50	1.00	0.1000	100	2.000000e+01	4.000000e+02	NO	NO
0.50	1.00	0.1000	1000	6.500000e+01	4.000000e+02	NO	NO
0.50	1.00	0.1000	10000	5.150000e+02	4.000000e+02	SI	SI
0.50	1.00	0.1000	100000	5.015000e+03	4.000000e+02	SI	SI
0.50	1.00	0.2500	0	1.500000e+01	4.000000e+02	NO	NO
0.50	1.00	0.2500	100	2.750000e+01	4.000000e+02	NO	NO
0.50	1.00	0.2500	1000	1.400000e+02	4.000000e+02	NO	NO
0.50	1.00	0.2500	10000	1.265000e+03	4.000000e+02	SI	SI
0.50	1.00	0.2500	100000	1.251500e+04	4.000000e+02	SI	SI
0.50	1.00	0.5000	0	1.500000e+01	4.000000e+02	NO	NO
0.50	1.00	0.5000	100	4.000000e+01	4.000000e+02	NO	NO
0.50	1.00	0.5000	1000	2.650000e+02	4.000000e+02	NO	NO
0.50	1.00	0.5000	10000	2.515000e+03	4.000000e+02	SI	SI
0.50	1.00	0.5000	100000	2.501500e+04	4.000000e+02	SI	SI
0.50	1.00	1.0000	0	1.500000e+01	4.000000e+02	NO	NO
0.50	1.00	1.0000	100	6.500000e+01	4.000000e+02	NO	NO
0.50	1.00	1.0000	1000	5.150000e+02	4.000000e+02	SI	NO
0.50	1.00	1.0000	10000	5.015000e+03	4.000000e+02	SI	SI
0.50	1.00	1.0000	100000	5.001500e+04	4.000000e+02	SI	SI
0.50	0.50	0.0000	0	7.500000e+00	4.000000e+02	NO	NO
0.50	0.50	0.0000	100	7.500000e+00	4.000000e+02	NO	NO
0.50	0.50	0.0000	1000	7.500000e+00	4.000000e+02	NO	NO
0.50	0.50	0.0000	10000	7.500000e+00	4.000000e+02	NO	SI
0.50	0.50	0.0000	100000	7.500000e+00	4.000000e+02	NO	SI
0.50	0.50	0.1000	0	7.500000e+00	4.000000e+02	NO	NO
0.50	0.50	0.1000	100	1.000000e+01	4.000000e+02	NO	NO
0.50	0.50	0.1000	1000	3.250000e+01	4.000000e+02	NO	NO
0.50	0.50	0.1000	10000	2.575000e+02	4.000000e+02	NO	SI
0.50	0.50	0.1000	100000	2.507500e+03	4.000000e+02	SI	SI
0.50	0.50	0.2500	0	7.500000e+00	4.000000e+02	NO	NO
0.50	0.50	0.2500	100	1.375000e+01	4.000000e+02	NO	NO
0.50	0.50	0.2500	1000	7.000000e+01	4.000000e+02	NO	NO
0.50	0.50	0.2500	10000	6.325000e+02	4.000000e+02	SI	SI
0.50	0.50	0.2500	100000	6.257500e+03	4.000000e+02	SI	SI
0.50	0.50	0.5000	0	7.500000e+00	4.000000e+02	NO	NO
0.50	0.50	0.5000	100	2.000000e+01	4.000000e+02	NO	NO
0.50	0.50	0.5000	1000	1.325000e+02	4.000000e+02	NO	NO
0.50	0.50	0.5000	10000	1.257500e+03	4.000000e+02	SI	SI
0.50	0.50	0.5000	100000	1.250750e+04	4.000000e+02	SI	SI
0.50	0.50	1.0000	0	7.500000e+00	4.000000e+02	NO	NO
0.50	0.50	1.0000	100	3.250000e+01	4.000000e+02	NO	NO
0.50	0.50	1.0000	1000	2.575000e+02	4.000000e+02	NO	NO
0.50	0.50	1.0000	10000	2.507500e+03	4.000000e+02	SI	SI
0.50	0.50	1.0000	100000	2.500750e+04	4.000000e+02	SI	SI
0.50	0.10	0.0000	0	1.500000e+00	4.000000e+02	NO	NO
0.50	0.10	0.0000	100	1.500000e+00	4.000000e+02	NO	NO
0.50	0.10	0.0000	1000	1.500000e+00	4.000000e+02	NO	NO
0.50	0.10	0.0000	10000	1.500000e+00	4.000000e+02	NO	SI
0.50	0.10	0.0000	100000	1.500000e+00	4.000000e+02	NO	SI
0.50	0.10	0.1000	0	1.500000e+00	4.000000e+02	NO	NO
0.50	0.10	0.1000	100	2.000000e+00	4.000000e+02	NO	NO
0.50	0.10	0.1000	1000	6.500000e+00	4.000000e+02	NO	NO
0.50	0.10	0.1000	10000	5.150000e+01	4.000000e+02	NO	SI
0.50	0.10	0.1000	100000	5.015000e+02	4.000000e+02	SI	SI
0.50	0.10	0.2500	0	1.500000e+00	4.000000e+02	NO	NO
0.50	0.10	0.2500	100	2.750000e+00	4.000000e+02	NO	NO
0.50	0.10	0.2500	1000	1.400000e+01	4.000000e+02	NO	NO
0.50	0.10	0.2500	10000	1.265000e+02	4.000000e+02	NO	SI
0.50	0.10	0.2500	100000	1.251500e+03	4.000000e+02	SI	SI
0.50	0.10	0.5000	0	1.500000e+00	4.000000e+02	NO	NO
0.50	0.10	0.5000	100	4.000000e+00	4.000000e+02	NO	NO
0.50	0.10	0.5000	1000	2.650000e+01	4.000000e+02	NO	NO
0.50	0.10	0.5000	10000	2.515000e+02	4.000000e+02	NO	SI
0.50	0.10	0.5000	100000	2.501500e+03	4.000000e+02	SI	SI
0.50	0.10	1.0000	0	1.500000e+00	4.000000e+02	NO	NO
0.50	0.10	1.0000	100	6.500000e+00	4.000000e+02	NO	NO
0.50	0.10	1.0000	1000	5.150000e+01	4.000000e+02	NO	NO
0.50	0.10	1.0000	10000	5.015000e+02	4.000000e+02	SI	SI
0.50	0.10	1.0000	100000	5.001500e+03	4.000000e+02	SI	SI
0.50	0.00	0.0000	0	0.000000e+00	4.000000e+02	NO	NO
0.50	0.00	0.0000	100	0.000000e+00	4.000000e+02	NO	NO
0.50	0.00	0.0000	1000	0.000000e+00	4.000000e+02	NO	NO
0.50	0.00	0.0000	10000	0.000000e+00	4.000000e+02	NO	SI
0.50	0.00	0.0000	100000	0.000000e+00	4.000000e+02	NO	SI
0.50	0.00	0.1000	0	0.000000e+00	4.000000e+02	NO	NO
0.50	0.00	0.1000	100	0.000000e+00	4.000000e+02	NO	NO
0.50	0.00	0.1000	1000	0.000000e+00	4.000000e+02	NO	NO
0.50	0.00	0.1000	10000	0.000000e+00	4.000000e+02	NO	SI
0.50	0.00	0.1000	100000	0.000000e+00	4.000000e+02	NO	SI
0.50	0.00	0.2500	0	0.000000e+00	4.000000e+02	NO	NO
0.50	0.00	0.2500	100	0.000000e+00	4.000000e+02	NO	NO
0.50	0.00	0.2500	1000	0.000000e+00	4.000000e+02	NO	NO
0.50	0.00	0.2500	10000	0.000000e+00	4.000000e+02	NO	SI
0.50	0.00	0.2500	100000	0.000000e+00	4.000000e+02	NO	SI
0.50	0.00	0.5000	0	0.000000e+00	4.000000e+02	NO	NO
0.50	0.00	0.5000	100	0.000000e+00	4.000000e+02	NO	NO
0.50	0.00	0.5000	1000	0.000000e+00	4.000000e+02	NO	NO
0.50	0.00	0.5000	10000	0.000000e+00	4.000000e+02	NO	SI
0.50	0.00	0.5000	100000	0.000000e+00	4.000000e+02	NO	SI
0.50	0.00	1.0000	0	0.000000e+00	4.000000e+02	NO	NO
0.50	0.00	1.0000	100	0.000000e+00	4.000000e+02	NO	NO
0.50	0.00	1.0000	1000	0.000000e+00	4.000000e+02	NO	NO
0.50	0.00	1.0000	10000	0.000000e+00	4.000000e+02	NO	SI
0.50	0.00	1.0000	100000	0.000000e+00	4.000000e+02	NO	SI
0.90	1.00	0.0000	0	2.700000e+01	4.000000e+02	NO	NO
0.90	1.00	0.0000	100	2.700000e+01	4.000000e+02	NO	NO
0.90	1.00	0.0000	1000	2.700000e+01	4.000000e+02	NO	NO
0.90	1.00	0.0000	10000	2.700000e+01	4.000000e+02	NO	SI
0.90	1.00	0.0000	100000	2.700000e+01	4.000000e+02	NO	SI
0.90	1.00	0.1000	0	2.700000e+01	4.000000e+02	NO	NO
0.90	1.00	0.1000	100	3.600000e+01	4.000000e+02	NO	NO
0.90	1.00	0.1000	1000	1.170000e+02	4.000000e+02	NO	NO
0.90	1.00	0.1000	10000	9.270000e+02	4.000000e+02	SI	SI
0.90	1.00	0.1000	100000	9.027000e+03	4.000000e+02	SI	SI
0.90	1.00	0.2500	0	2.700000e+01	4.000000e+02	NO	NO
0.90	1.00	0.2500	100	4.950000e+01	4.000000e+02	NO	NO
0.90	1.00	0.2500	1000	2.520000e+02	4.000000e+02	NO	NO
0.90	1.00	0.2500	10000	2.277000e+03	4.000000e+02	SI	SI
0.90	1.00	0.2500	100000	2.252700e+04	4.000000e+02	SI	SI
0.90	1.00	0.5000	0	2.700000e+01	4.000000e+02	NO	NO
0.90	1.00	0.5000	100	7.200000e+01	4.000000e+02	NO	NO
0.90	1.00	0.5000	1000	4.770000e+02	4.000000e+02	SI	NO
0.90	1.00	0.5000	10000	4.527000e+03	4.000000e+02	SI	SI
0.90	1.00	0.5000	100000	4.502700e+04	4.000000e+02	SI	SI
0.90	1.00	1.0000	0	2.700000e+01	4.000000e+02	NO	NO
0.90	1.00	1.0000	100	1.170000e+02	4.000000e+02	NO	NO
0.90	1.00	1.0000	1000	9.270000e+02	4.000000e+02	SI	NO
0.90	1.00	1.0000	10000	9.027000e+03	4.000000e+02	SI	SI
0.90	1.00	1.0000	100000	9.002700e+04	4.000000e+02	SI	SI
0.90	0.50	0.0000	0	1.350000e+01	4.000000e+02	NO	NO
0.90	0.50	0.0000	100	1.350000e+01	4.000000e+02	NO	NO
0.90	0.50	0.0000	1000	1.350000e+01	4.000000e+02	NO	NO
0.90	0.50	0.0000	10000	1.350000e+01	4.000000e+02	NO	SI
0.90	0.50	0.0000	100000	1.350000e+01	4.000000e+02	NO	SI
0.90	0.50	0.1000	0	1.350000e+01	4.000000e+02	NO	NO
0.90	0.50	0.1000	100	1.800000e+01	4.000000e+02	NO	NO
0.90	0.50	0.1000	1000	5.850000e+01	4.000000e+02	NO	NO
0.90	0.50	0.1000	10000	4.635000e+02	4.000000e+02	SI	SI
0.90	0.50	0.1000	100000	4.513500e+03	4.000000e+02	SI	SI
0.90	0.50	0.2500	0	1.350000e+01	4.000000e+02	NO	NO
0.90	0.50	0.2500	100	2.475000e+01	4.000000e+02	NO	NO
0.90	0.50	0.2500	1000	1.260000e+02	4.000000e+02	NO	NO
0.90	0.50	0.2500	10000	1.138500e+03	4.000000e+02	SI	SI
0.90	0.50	0.2500	100000	1.126350e+04	4.000000e+02	SI	SI
0.90	0.50	0.5000	0	1.350000e+01	4.000000e+02	NO	NO
0.90	0.50	0.5000	100	3.600000e+01	4.000000e+02	NO	NO
0.90	0.50	0.5000	1000	2.385000e+02	4.000000e+02	NO	NO
0.90	0.50	0.5000	10000	2.263500e+03	4.000000e+02	SI	SI
0.90	0.50	0.5000	100000	2.251350e+04	4.000000e+02	SI	SI
0.90	0.50	1.0000	0	1.350000e+01	4.000000e+02	NO	NO
0.90	0.50	1.0000	100	5.850000e+01	4.000000e+02	NO	NO
0.90	0.50	1.0000	1000	4.635000e+02	4.000000e+02	SI	NO
0.90	0.50	1.0000	10000	4.513500e+03	4.000000e+02	SI	SI
0.90	0.50	1.0000	100000	4.501350e+04	4.000000e+02	SI	SI
0.90	0.10	0.0000	0	2.700000e+00	4.000000e+02	NO	NO
0.90	0.10	0.0000	100	2.700000e+00	4.000000e+02	NO	NO
0.90	0.10	0.0000	1000	2.700000e+00	4.000000e+02	NO	NO
0.90	0.10	0.0000	10000	2.700000e+00	4.000000e+02	NO	SI
0.90	0.10	0.0000	100000	2.700000e+00	4.000000e+02	NO	SI
0.90	0.10	0.1000	0	2.700000e+00	4.000000e+02	NO	NO
0.90	0.10	0.1000	100	3.600000e+00	4.000000e+02	NO	NO
0.90	0.10	0.1000	1000	1.170000e+01	4.000000e+02	NO	NO
0.90	0.10	0.1000	10000	9.270000e+01	4.000000e+02	NO	SI
0.90	0.10	0.1000	100000	9.027000e+02	4.000000e+02	SI	SI
0.90	0.10	0.2500	0	2.700000e+00	4.000000e+02	NO	NO
0.90	0.10	0.2500	100	4.950000e+00	4.000000e+02	NO	NO
0.90	0.10	0.2500	1000	2.520000e+01	4.000000e+02	NO	NO
0.90	0.10	0.2500	10000	2.277000e+02	4.000000e+02	NO	SI
0.90	0.10	0.2500	100000	2.252700e+03	4.000000e+02	SI	SI
0.90	0.10	0.5000	0	2.700000e+00	4.000000e+02	NO	NO
0.90	0.10	0.5000	100	7.200000e+00	4.000000e+02	NO	NO
0.90	0.10	0.5000	1000	4.770000e+01	4.000000e+02	NO	NO
0.90	0.10	0.5000	10000	4.527000e+02	4.000000e+02	SI	SI
0.90	0.10	0.5000	100000	4.502700e+03	4.000000e+02	SI	SI
0.90	0.10	1.0000	0	2.700000e+00	4.000000e+02	NO	NO
0.90	0.10	1.0000	100	1.170000e+01	4.000000e+02	NO	NO
0.90	0.10	1.0000	1000	9.270000e+01	4.000000e+02	NO	NO
0.90	0.10	1.0000	10000	9.027000e+02	4.000000e+02	SI	SI
0.90	0.10	1.0000	100000	9.002700e+03	4.000000e+02	SI	SI
0.90	0.00	0.0000	0	0.000000e+00	4.000000e+02	NO	NO
0.90	0.00	0.0000	100	0.000000e+00	4.000000e+02	NO	NO
0.90	0.00	0.0000	1000	0.000000e+00	4.000000e+02	NO	NO
0.90	0.00	0.0000	10000	0.000000e+00	4.000000e+02	NO	SI
0.90	0.00	0.0000	100000	0.000000e+00	4.000000e+02	NO	SI
0.90	0.00	0.1000	0	0.000000e+00	4.000000e+02	NO	NO
0.90	0.00	0.1000	100	0.000000e+00	4.000000e+02	NO	NO
0.90	0.00	0.1000	1000	0.000000e+00	4.000000e+02	NO	NO
0.90	0.00	0.1000	10000	0.000000e+00	4.000000e+02	NO	SI
0.90	0.00	0.1000	100000	0.000000e+00	4.000000e+02	NO	SI
0.90	0.00	0.2500	0	0.000000e+00	4.000000e+02	NO	NO
0.90	0.00	0.2500	100	0.000000e+00	4.000000e+02	NO	NO
0.90	0.00	0.2500	1000	0.000000e+00	4.000000e+02	NO	NO
0.90	0.00	0.2500	10000	0.000000e+00	4.000000e+02	NO	SI
0.90	0.00	0.2500	100000	0.000000e+00	4.000000e+02	NO	SI
0.90	0.00	0.5000	0	0.000000e+00	4.000000e+02	NO	NO
0.90	0.00	0.5000	100	0.000000e+00	4.000000e+02	NO	NO
0.90	0.00	0.5000	1000	0.000000e+00	4.000000e+02	NO	NO
0.90	0.00	0.5000	10000	0.000000e+00	4.000000e+02	NO	SI
0.90	0.00	0.5000	100000	0.000000e+00	4.000000e+02	NO	SI
0.90	0.00	1.0000	0	0.000000e+00	4.000000e+02	NO	NO
0.90	0.00	1.0000	100	0.000000e+00	4.000000e+02	NO	NO
0.90	0.00	1.0000	1000	0.000000e+00	4.000000e+02	NO	NO
0.90	0.00	1.0000	10000	0.000000e+00	4.000000e+02	NO	SI
0.90	0.00	1.0000	100000	0.000000e+00	4.000000e+02	NO	SI
1.00	1.00	0.0000	0	3.000000e+01	4.000000e+02	NO	NO
1.00	1.00	0.0000	100	3.000000e+01	4.000000e+02	NO	NO
1.00	1.00	0.0000	1000	3.000000e+01	4.000000e+02	NO	NO
1.00	1.00	0.0000	10000	3.000000e+01	4.000000e+02	NO	SI
1.00	1.00	0.0000	100000	3.000000e+01	4.000000e+02	NO	SI
1.00	1.00	0.1000	0	3.000000e+01	4.000000e+02	NO	NO
1.00	1.00	0.1000	100	4.000000e+01	4.000000e+02	NO	NO
1.00	1.00	0.1000	1000	1.300000e+02	4.000000e+02	NO	NO
1.00	1.00	0.1000	10000	1.030000e+03	4.000000e+02	SI	SI
1.00	1.00	0.1000	100000	1.003000e+04	4.000000e+02	SI	SI
1.00	1.00	0.2500	0	3.000000e+01	4.000000e+02	NO	NO
1.00	1.00	0.2500	100	5.500000e+01	4.000000e+02	NO	NO
1.00	1.00	0.2500	1000	2.800000e+02	4.000000e+02	NO	NO
1.00	1.00	0.2500	10000	2.530000e+03	4.000000e+02	SI	SI
1.00	1.00	0.2500	100000	2.503000e+04	4.000000e+02	SI	SI
1.00	1.00	0.5000	0	3.000000e+01	4.000000e+02	NO	NO
1.00	1.00	0.5000	100	8.000000e+01	4.000000e+02	NO	NO
1.00	1.00	0.5000	1000	5.300000e+02	4.000000e+02	SI	NO
1.00	1.00	0.5000	10000	5.030000e+03	4.000000e+02	SI	SI
1.00	1.00	0.5000	100000	5.003000e+04	4.000000e+02	SI	SI
1.00	1.00	1.0000	0	3.000000e+01	4.000000e+02	NO	NO
1.00	1.00	1.0000	100	1.300000e+02	4.000000e+02	NO	NO
1.00	1.00	1.0000	1000	1.030000e+03	4.000000e+02	SI	NO
1.00	1.00	1.0000	10000	1.003000e+04	4.000000e+02	SI	SI
1.00	1.00	1.0000	100000	1.000300e+05	4.000000e+02	SI	SI
1.00	0.50	0.0000	0	1.500000e+01	4.000000e+02	NO	NO
1.00	0.50	0.0000	100	1.500000e+01	4.000000e+02	NO	NO
1.00	0.50	0.0000	1000	1.500000e+01	4.000000e+02	NO	NO
1.00	0.50	0.0000	10000	1.500000e+01	4.000000e+02	NO	SI
1.00	0.50	0.0000	100000	1.500000e+01	4.000000e+02	NO	SI
1.00	0.50	0.1000	0	1.500000e+01	4.000000e+02	NO	NO
1.00	0.50	0.1000	100	2.000000e+01	4.000000e+02	NO	NO
1.00	0.50	0.1000	1000	6.500000e+01	4.000000e+02	NO	NO
1.00	0.50	0.1000	10000	5.150000e+02	4.000000e+02	SI	SI
1.00	0.50	0.1000	100000	5.015000e+03	4.000000e+02	SI	SI
1.00	0.50	0.2500	0	1.500000e+01	4.000000e+02	NO	NO
1.00	0.50	0.2500	100	2.750000e+01	4.000000e+02	NO	NO
1.00	0.50	0.2500	1000	1.400000e+02	4.000000e+02	NO	NO
1.00	0.50	0.2500	10000	1.265000e+03	4.000000e+02	SI	SI
1.00	0.50	0.2500	100000	1.251500e+04	4.000000e+02	SI	SI
1.00	0.50	0.5000	0	1.500000e+01	4.000000e+02	NO	NO
1.00	0.50	0.5000	100	4.000000e+01	4.000000e+02	NO	NO
1.00	0.50	0.5000	1000	2.650000e+02	4.000000e+02	NO	NO
1.00	0.50	0.5000	10000	2.515000e+03	4.000000e+02	SI	SI
1.00	0.50	0.5000	100000	2.501500e+04	4.000000e+02	SI	SI
1.00	0.50	1.0000	0	1.500000e+01	4.000000e+02	NO	NO
1.00	0.50	1.0000	100	6.500000e+01	4.000000e+02	NO	NO
1.00	0.50	1.0000	1000	5.150000e+02	4.000000e+02	SI	NO
1.00	0.50	1.0000	10000	5.015000e+03	4.000000e+02	SI	SI
1.00	0.50	1.0000	100000	5.001500e+04	4.000000e+02	SI	SI
1.00	0.10	0.0000	0	3.000000e+00	4.000000e+02	NO	NO
1.00	0.10	0.0000	100	3.000000e+00	4.000000e+02	NO	NO
1.00	0.10	0.0000	1000	3.000000e+00	4.000000e+02	NO	NO
1.00	0.10	0.0000	10000	3.000000e+00	4.000000e+02	NO	SI
1.00	0.10	0.0000	100000	3.000000e+00	4.000000e+02	NO	SI
1.00	0.10	0.1000	0	3.000000e+00	4.000000e+02	NO	NO
1.00	0.10	0.1000	100	4.000000e+00	4.000000e+02	NO	NO
1.00	0.10	0.1000	1000	1.300000e+01	4.000000e+02	NO	NO
1.00	0.10	0.1000	10000	1.030000e+02	4.000000e+02	NO	SI
1.00	0.10	0.1000	100000	1.003000e+03	4.000000e+02	SI	SI
1.00	0.10	0.2500	0	3.000000e+00	4.000000e+02	NO	NO
1.00	0.10	0.2500	100	5.500000e+00	4.000000e+02	NO	NO
1.00	0.10	0.2500	1000	2.800000e+01	4.000000e+02	NO	NO
1.00	0.10	0.2500	10000	2.530000e+02	4.000000e+02	NO	SI
1.00	0.10	0.2500	100000	2.503000e+03	4.000000e+02	SI	SI
1.00	0.10	0.5000	0	3.000000e+00	4.000000e+02	NO	NO
1.00	0.10	0.5000	100	8.000000e+00	4.000000e+02	NO	NO
1.00	0.10	0.5000	1000	5.300000e+01	4.000000e+02	NO	NO
1.00	0.10	0.5000	10000	5.030000e+02	4.000000e+02	SI	SI
1.00	0.10	0.5000	100000	5.003000e+03	4.000000e+02	SI	SI
1.00	0.10	1.0000	0	3.000000e+00	4.000000e+02	NO	NO
1.00	0.10	1.0000	100	1.300000e+01	4.000000e+02	NO	NO
1.00	0.10	1.0000	1000	1.030000e+02	4.000000e+02	NO	NO
1.00	0.10	1.0000	10000	1.003000e+03	4.000000e+02	SI	SI
1.00	0.10	1.0000	100000	1.000300e+04	4.000000e+02	SI	SI
1.00	0.00	0.0000	0	0.000000e+00	4.000000e+02	NO	NO
1.00	0.00	0.0000	100	0.000000e+00	4.000000e+02	NO	NO
1.00	0.00	0.0000	1000	0.000000e+00	4.000000e+02	NO	NO
1.00	0.00	0.0000	10000	0.000000e+00	4.000000e+02	NO	SI
1.00	0.00	0.0000	100000	0.000000e+00	4.000000e+02	NO	SI
1.00	0.00	0.1000	0	0.000000e+00	4.000000e+02	NO	NO
1.00	0.00	0.1000	100	0.000000e+00	4.000000e+02	NO	NO
1.00	0.00	0.1000	1000	0.000000e+00	4.000000e+02	NO	NO
1.00	0.00	0.1000	10000	0.000000e+00	4.000000e+02	NO	SI
1.00	0.00	0.1000	100000	0.000000e+00	4.000000e+02	NO	SI
1.00	0.00	0.2500	0	0.000000e+00	4.000000e+02	NO	NO
1.00	0.00	0.2500	100	0.000000e+00	4.000000e+02	NO	NO
1.00	0.00	0.2500	1000	0.000000e+00	4.000000e+02	NO	NO
1.00	0.00	0.2500	10000	0.000000e+00	4.000000e+02	NO	SI
1.00	0.00	0.2500	100000	0.000000e+00	4.000000e+02	NO	SI
1.00	0.00	0.5000	0	0.000000e+00	4.000000e+02	NO	NO
1.00	0.00	0.5000	100	0.000000e+00	4.000000e+02	NO	NO
1.00	0.00	0.5000	1000	0.000000e+00	4.000000e+02	NO	NO
1.00	0.00	0.5000	10000	0.000000e+00	4.000000e+02	NO	SI
1.00	0.00	0.5000	100000	0.000000e+00	4.000000e+02	NO	SI
1.00	0.00	1.0000	0	0.000000e+00	4.000000e+02	NO	NO
1.00	0.00	1.0000	100	0.000000e+00	4.000000e+02	NO	NO
1.00	0.00	1.0000	1000	0.000000e+00	4.000000e+02	NO	NO
1.00	0.00	1.0000	10000	0.000000e+00	4.000000e+02	NO	SI
1.00	0.00	1.0000	100000	0.000000e+00	4.000000e+02	NO	SI
