semilla,w_i,w_ii,w_union,menus_i,menus_ii
1,10,10,10,"1;2;1;1;1;1;1;1;1","1;2;1;1;1;1;1;1;1"
2,-1,-1,-1,"1;1;1;1;1;1;1;1;1","1;1;1;1;1;1;1;1;1"
3,200,10,200,"2;2;2;2;2;2;2;2;1","2;2;1;1;1;1;1;1;1"
4,-1,-1,-1,"1;1;1;1;1;1;1;1;1","1;1;1;1;1;1;1;1;1"
5,200,300,300,"1;1;1;2;2;2;2;2;1","1;1;1;2;2;2;2;2;2"
6,-1,20,20,"1;1;1;1;1;1;1;1;1","1;1;2;1;1;1;1;1;1"
7,-1,-1,-1,"1;1;1;1;1;1;1;1;1","1;1;1;1;1;1;1;1;1"
8,-1,-1,-1,"1;1;1;1;1;1;1;1;1","1;1;1;1;1;1;1;1;1"
9,0,10,10,"2;1;1;1;1;1;1;1;1","2;2;1;1;1;1;1;1;1"
10,-1,0,0,"1;1;1;1;1;1;1;1;1","2;1;1;1;1;1;1;1;1"
11,-1,-1,-1,"1;1;1;1;1;1;1;1;1","1;1;1;1;1;1;1;1;1"
12,-1,-1,-1,"1;1;1;1;1;1;1;1;1","1;1;1;1;1;1;1;1;1"
