# hardware.tsv — entradas de hardware y de formato, con su fuente y su etiqueta.
#
# ESTAS CIFRAS NO SE RE-MIDEN EN ESTE ENCARGO (P-COBERTURA §1.3 las fija como entrada).
# Si alguna estuviera mal, se argumenta en PROGRESO.md; no se gasta el encargo en rehacerla.
#
# magnitud	valor	unidad	fuente	etiqueta
t_tabla_s	0.809	s/tabla	P-ZRX/P-INTENTO/investigacion/INFORME.md:210 (809,13 ms, 1 núcleo)	medido
t_tabla_crudo_s	0.80913	s/tabla	P-ZRX/P-INTENTO/investigacion/mediciones/m1_tabla.txt:22	medido
r_maquina_s	25.03	unidades/s	P-ZRX/P-INTENTO/investigacion/INFORME.md:223 (mediana cruda 25,027041; 24 hilos)	medido
r_maquina_crudo_s	25.027041	unidades/s	P-ZRX/P-INTENTO/investigacion/mediciones/m1_escalado.txt	medido
bytes_pieza_B	1048672	B	PDF/autonomys-subspace/crates/subspace-core-primitives/src/pieces.rs:1226	verificado en fuente
w_sin_vdf_slots	7175	slots	P-ZRX/P-REVELACION/investigacion/INFORME.md:47	derivado de medida
w_con_vdf_slots	4830.6	slots	P-ZRX/P-REVELACION/investigacion/INFORME.md:84	derivado
w_tope_hist_slots	8030	slots	P-ZRX/P-ADELANTO/investigacion/INFORME.md:45 (A_core en rho->inf)	derivado
tau_s	1.0	s/slot	SPEC.md:2615,2620-2621 (perfil A'', SIGMA=1)	propuesto (perfil)
gpu_factor	17.0	adimensional	documentacion ajena, NUNCA medida	hipotesis
precio_nucleo_sobre_TiB	1.0	adimensional	razon supuesta nucleo/TiB para el cruce	hipotesis
vatio_nucleo_W	65.0	W	consumo supuesto por nucleo estricto	hipotesis
vatio_TiB_W	5.0	W	consumo supuesto por TiB de disco	hipotesis
