magnitud,valor_historico,t_referencia,horizonte_implicito_s,cola_arcoseno_en_ese_horizonte,epoca_declarada_s
P(cambio tras 600 s),0.82,600.0,7708.51165098036,0.82,205.7
instante del ultimo cambio,203.6,203.6,407.2,0.4999999999999999,205.7
media si T = la epoca,102.85,205.7,205.7,0.0,205.7
barrido,NaN,600.0,600.0,0.0,205.7
barrido,NaN,600.0,1000.0,0.435905783151025,205.7
barrido,NaN,600.0,2000.0,0.6309898804344547,205.7
barrido,NaN,600.0,6000.0,0.7951672353008665,205.7
barrido,NaN,600.0,7708.0,0.8199938615048252,205.7
barrido,NaN,600.0,20000.0,0.8891753133955406,205.7
