caso,T_v,f_conf,eps_saldo,x_umbral,B_eps,etiqueta
empirico,1000,0.25,0.001,4e-06,0.00027040807,medido DS-6 (pool SpaceFarmers)
empirico,1000,0.25,0.01,4e-05,0.010887945,medido DS-6 (pool SpaceFarmers)
empirico,1000,0.25,0.1,0.0004,0.19505278,medido DS-6 (pool SpaceFarmers)
empirico,1000,0.5,0.001,2e-06,0.00015076703,medido DS-6 (pool SpaceFarmers)
empirico,1000,0.5,0.01,2e-05,0.0037832561,medido DS-6 (pool SpaceFarmers)
empirico,1000,0.5,0.1,0.0002,0.10414896,medido DS-6 (pool SpaceFarmers)
empirico,1000,1,0.001,1e-06,5.7202685e-05,medido DS-6 (pool SpaceFarmers)
empirico,1000,1,0.01,1e-05,0.0011774163,medido DS-6 (pool SpaceFarmers)
empirico,1000,1,0.1,0.0001,0.044307817,medido DS-6 (pool SpaceFarmers)
empirico,3600,0.25,0.001,1.11111e-06,6.2489189e-05,medido DS-6 (pool SpaceFarmers)
empirico,3600,0.25,0.01,1.11111e-05,0.0013777612,medido DS-6 (pool SpaceFarmers)
empirico,3600,0.25,0.1,0.000111111,0.050141474,medido DS-6 (pool SpaceFarmers)
empirico,3600,0.5,0.001,5.55556e-07,2.5839483e-05,medido DS-6 (pool SpaceFarmers)
empirico,3600,0.5,0.01,5.55556e-06,0.00045953614,medido DS-6 (pool SpaceFarmers)
empirico,3600,0.5,0.1,5.55556e-05,0.01846586,medido DS-6 (pool SpaceFarmers)
empirico,3600,1,0.001,2.77778e-07,9.8952511e-06,medido DS-6 (pool SpaceFarmers)
empirico,3600,1,0.01,2.77778e-06,0.00017786036,medido DS-6 (pool SpaceFarmers)
empirico,3600,1,0.1,2.77778e-05,0.0061149941,medido DS-6 (pool SpaceFarmers)
empirico,10000,0.25,0.001,4e-07,1.8316381e-05,medido DS-6 (pool SpaceFarmers)
empirico,10000,0.25,0.01,4e-06,0.00027040807,medido DS-6 (pool SpaceFarmers)
empirico,10000,0.25,0.1,4e-05,0.010887945,medido DS-6 (pool SpaceFarmers)
empirico,10000,0.5,0.001,2e-07,5.3542797e-06,medido DS-6 (pool SpaceFarmers)
empirico,10000,0.5,0.01,2e-06,0.00015076703,medido DS-6 (pool SpaceFarmers)
empirico,10000,0.5,0.1,2e-05,0.0037832561,medido DS-6 (pool SpaceFarmers)
empirico,10000,1,0.001,1e-07,5.7609339e-07,medido DS-6 (pool SpaceFarmers)
empirico,10000,1,0.01,1e-06,5.7202685e-05,medido DS-6 (pool SpaceFarmers)
empirico,10000,1,0.1,1e-05,0.0011774163,medido DS-6 (pool SpaceFarmers)
empirico,100000,0.25,0.001,4e-08,1.5249531e-07,medido DS-6 (pool SpaceFarmers)
empirico,100000,0.25,0.01,4e-07,1.8316381e-05,medido DS-6 (pool SpaceFarmers)
empirico,100000,0.25,0.1,4e-06,0.00027040807,medido DS-6 (pool SpaceFarmers)
empirico,100000,0.5,0.001,2e-08,5.083177e-08,medido DS-6 (pool SpaceFarmers)
empirico,100000,0.5,0.01,2e-07,5.3542797e-06,medido DS-6 (pool SpaceFarmers)
empirico,100000,0.5,0.1,2e-06,0.00015076703,medido DS-6 (pool SpaceFarmers)
empirico,100000,1,0.001,1e-08,0,medido DS-6 (pool SpaceFarmers)
empirico,100000,1,0.01,1e-07,5.7609339e-07,medido DS-6 (pool SpaceFarmers)
empirico,100000,1,0.1,1e-06,5.7202685e-05,medido DS-6 (pool SpaceFarmers)
pareto_2_05,1000,0.25,0.001,4e-06,0.25886555,hipótesis H3 (α_dens=2.05)
pareto_2_05,1000,0.25,0.01,4e-05,0.33946323,hipótesis H3 (α_dens=2.05)
pareto_2_05,1000,0.25,0.1,0.0004,0.41129598,hipótesis H3 (α_dens=2.05)
pareto_2_05,1000,0.5,0.001,2e-06,0.2327295,hipótesis H3 (α_dens=2.05)
pareto_2_05,1000,0.5,0.01,2e-05,0.31616945,hipótesis H3 (α_dens=2.05)
pareto_2_05,1000,0.5,0.1,0.0002,0.39053538,hipótesis H3 (α_dens=2.05)
pareto_2_05,1000,1,0.001,1e-06,0.20567177,hipótesis H3 (α_dens=2.05)
pareto_2_05,1000,1,0.01,1e-05,0.29205422,hipótesis H3 (α_dens=2.05)
pareto_2_05,1000,1,0.1,0.0001,0.36904266,hipótesis H3 (α_dens=2.05)
pareto_2_05,3600,0.25,0.001,1.11111e-06,0.2098453,hipótesis H3 (α_dens=2.05)
pareto_2_05,3600,0.25,0.01,1.11111e-05,0.29577389,hipótesis H3 (α_dens=2.05)
pareto_2_05,3600,0.25,0.1,0.000111111,0.37235782,hipótesis H3 (α_dens=2.05)
pareto_2_05,3600,0.5,0.001,5.55556e-07,0.18198056,hipótesis H3 (α_dens=2.05)
pareto_2_05,3600,0.5,0.01,5.55556e-06,0.27093941,hipótesis H3 (α_dens=2.05)
pareto_2_05,3600,0.5,0.1,5.55556e-05,0.35022406,hipótesis H3 (α_dens=2.05)
pareto_2_05,3600,1,0.001,2.77778e-07,0.15313317,hipótesis H3 (α_dens=2.05)
pareto_2_05,3600,1,0.01,2.77778e-06,0.24522914,hipótesis H3 (α_dens=2.05)
pareto_2_05,3600,1,0.1,2.77778e-05,0.32730976,hipótesis H3 (α_dens=2.05)
pareto_2_05,10000,0.25,0.001,4e-07,0.16843347,hipótesis H3 (α_dens=2.05)
pareto_2_05,10000,0.25,0.01,4e-06,0.25886555,hipótesis H3 (α_dens=2.05)
pareto_2_05,10000,0.25,0.1,4e-05,0.33946323,hipótesis H3 (α_dens=2.05)
pareto_2_05,10000,0.5,0.001,2e-07,0.13910834,hipótesis H3 (α_dens=2.05)
pareto_2_05,10000,0.5,0.01,2e-06,0.2327295,hipótesis H3 (α_dens=2.05)
pareto_2_05,10000,0.5,0.1,2e-05,0.31616945,hipótesis H3 (α_dens=2.05)
pareto_2_05,10000,1,0.001,1e-07,0.10874906,hipótesis H3 (α_dens=2.05)
pareto_2_05,10000,1,0.01,1e-06,0.20567177,hipótesis H3 (α_dens=2.05)
pareto_2_05,10000,1,0.1,1e-05,0.29205422,hipótesis H3 (α_dens=2.05)
pareto_2_05,100000,0.25,0.001,4e-08,0.066967008,hipótesis H3 (α_dens=2.05)
pareto_2_05,100000,0.25,0.01,4e-07,0.16843347,hipótesis H3 (α_dens=2.05)
pareto_2_05,100000,0.25,0.1,4e-06,0.25886555,hipótesis H3 (α_dens=2.05)
pareto_2_05,100000,0.5,0.001,2e-08,0.034063671,hipótesis H3 (α_dens=2.05)
pareto_2_05,100000,0.5,0.01,2e-07,0.13910834,hipótesis H3 (α_dens=2.05)
pareto_2_05,100000,0.5,0.1,2e-06,0.2327295,hipótesis H3 (α_dens=2.05)
pareto_2_05,100000,1,0.001,1e-08,0,hipótesis H3 (α_dens=2.05)
pareto_2_05,100000,1,0.01,1e-07,0.10874906,hipótesis H3 (α_dens=2.05)
pareto_2_05,100000,1,0.1,1e-06,0.20567177,hipótesis H3 (α_dens=2.05)
pareto_2_2,1000,0.25,0.001,4e-06,0.69829118,hipótesis H3 (α_dens=2.2)
pareto_2_2,1000,0.25,0.01,4e-05,0.80963461,hipótesis H3 (α_dens=2.2)
pareto_2_2,1000,0.25,0.1,0.0004,0.87988756,hipótesis H3 (α_dens=2.2)
pareto_2_2,1000,0.5,0.001,2e-06,0.65342758,hipótesis H3 (α_dens=2.2)
pareto_2_2,1000,0.5,0.01,2e-05,0.78132759,hipótesis H3 (α_dens=2.2)
pareto_2_2,1000,0.5,0.1,0.0002,0.86202703,hipótesis H3 (α_dens=2.2)
pareto_2_2,1000,1,0.001,1e-06,0.60189283,hipótesis H3 (α_dens=2.2)
pareto_2_2,1000,1,0.01,1e-05,0.74881136,hipótesis H3 (α_dens=2.2)
pareto_2_2,1000,1,0.1,0.0001,0.84151068,hipótesis H3 (α_dens=2.2)
pareto_2_2,3600,0.25,0.001,1.11111e-06,0.61019402,hipótesis H3 (α_dens=2.2)
pareto_2_2,3600,0.25,0.01,1.11111e-05,0.75404905,hipótesis H3 (α_dens=2.2)
pareto_2_2,3600,0.25,0.1,0.000111111,0.84481544,hipótesis H3 (α_dens=2.2)
pareto_2_2,3600,0.5,0.001,5.55556e-07,0.55223051,hipótesis H3 (α_dens=2.2)
pareto_2_2,3600,0.5,0.01,5.55556e-06,0.71747655,hipótesis H3 (α_dens=2.2)
pareto_2_2,3600,0.5,0.1,5.55556e-05,0.82173975,hipótesis H3 (α_dens=2.2)
pareto_2_2,3600,1,0.001,2.77778e-07,0.48564792,hipótesis H3 (α_dens=2.2)
pareto_2_2,3600,1,0.01,2.77778e-06,0.67546578,hipótesis H3 (α_dens=2.2)
pareto_2_2,3600,1,0.1,2.77778e-05,0.79523275,hipótesis H3 (α_dens=2.2)
pareto_2_2,10000,0.25,0.001,4e-07,0.52182375,hipótesis H3 (α_dens=2.2)
pareto_2_2,10000,0.25,0.01,4e-06,0.69829118,hipótesis H3 (α_dens=2.2)
pareto_2_2,10000,0.25,0.1,4e-05,0.80963461,hipótesis H3 (α_dens=2.2)
pareto_2_2,10000,0.5,0.001,2e-07,0.45071973,hipótesis H3 (α_dens=2.2)
pareto_2_2,10000,0.5,0.01,2e-06,0.65342758,hipótesis H3 (α_dens=2.2)
pareto_2_2,10000,0.5,0.1,2e-05,0.78132759,hipótesis H3 (α_dens=2.2)
pareto_2_2,10000,1,0.001,1e-07,0.36904266,hipótesis H3 (α_dens=2.2)
pareto_2_2,10000,1,0.01,1e-06,0.60189283,hipótesis H3 (α_dens=2.2)
pareto_2_2,10000,1,0.1,1e-05,0.74881136,hipótesis H3 (α_dens=2.2)
pareto_2_2,100000,0.25,0.001,4e-08,0.24214172,hipótesis H3 (α_dens=2.2)
pareto_2_2,100000,0.25,0.01,4e-07,0.52182375,hipótesis H3 (α_dens=2.2)
pareto_2_2,100000,0.25,0.1,4e-06,0.69829118,hipótesis H3 (α_dens=2.2)
pareto_2_2,100000,0.5,0.001,2e-08,0.12944944,hipótesis H3 (α_dens=2.2)
pareto_2_2,100000,0.5,0.01,2e-07,0.45071973,hipótesis H3 (α_dens=2.2)
pareto_2_2,100000,0.5,0.1,2e-06,0.65342758,hipótesis H3 (α_dens=2.2)
pareto_2_2,100000,1,0.001,1e-08,0,hipótesis H3 (α_dens=2.2)
pareto_2_2,100000,1,0.01,1e-07,0.36904266,hipótesis H3 (α_dens=2.2)
pareto_2_2,100000,1,0.1,1e-06,0.60189283,hipótesis H3 (α_dens=2.2)
pareto_2_5,1000,0.25,0.001,4e-06,0.95,hipótesis H3 (α_dens=2.5)
pareto_2_5,1000,0.25,0.01,4e-05,0.98418861,hipótesis H3 (α_dens=2.5)
pareto_2_5,1000,0.25,0.1,0.0004,0.995,hipótesis H3 (α_dens=2.5)
pareto_2_5,1000,0.5,0.001,2e-06,0.92928932,hipótesis H3 (α_dens=2.5)
pareto_2_5,1000,0.5,0.01,2e-05,0.97763932,hipótesis H3 (α_dens=2.5)
pareto_2_5,1000,0.5,0.1,0.0002,0.99292893,hipótesis H3 (α_dens=2.5)
pareto_2_5,1000,1,0.001,1e-06,0.9,hipótesis H3 (α_dens=2.5)
pareto_2_5,1000,1,0.01,1e-05,0.96837722,hipótesis H3 (α_dens=2.5)
pareto_2_5,1000,1,0.1,0.0001,0.99,hipótesis H3 (α_dens=2.5)
pareto_2_5,3600,0.25,0.001,1.11111e-06,0.90513167,hipótesis H3 (α_dens=2.5)
pareto_2_5,3600,0.25,0.01,1.11111e-05,0.97,hipótesis H3 (α_dens=2.5)
pareto_2_5,3600,0.25,0.1,0.000111111,0.99051317,hipótesis H3 (α_dens=2.5)
pareto_2_5,3600,0.5,0.001,5.55556e-07,0.86583592,hipótesis H3 (α_dens=2.5)
pareto_2_5,3600,0.5,0.01,5.55556e-06,0.95757359,hipótesis H3 (α_dens=2.5)
pareto_2_5,3600,0.5,0.1,5.55556e-05,0.98658359,hipótesis H3 (α_dens=2.5)
pareto_2_5,3600,1,0.001,2.77778e-07,0.81026334,hipótesis H3 (α_dens=2.5)
pareto_2_5,3600,1,0.01,2.77778e-06,0.94,hipótesis H3 (α_dens=2.5)
pareto_2_5,3600,1,0.1,2.77778e-05,0.98102633,hipótesis H3 (α_dens=2.5)
pareto_2_5,10000,0.25,0.001,4e-07,0.84188612,hipótesis H3 (α_dens=2.5)
pareto_2_5,10000,0.25,0.01,4e-06,0.95,hipótesis H3 (α_dens=2.5)
pareto_2_5,10000,0.25,0.1,4e-05,0.98418861,hipótesis H3 (α_dens=2.5)
pareto_2_5,10000,0.5,0.001,2e-07,0.7763932,hipótesis H3 (α_dens=2.5)
pareto_2_5,10000,0.5,0.01,2e-06,0.92928932,hipótesis H3 (α_dens=2.5)
pareto_2_5,10000,0.5,0.1,2e-05,0.97763932,hipótesis H3 (α_dens=2.5)
pareto_2_5,10000,1,0.001,1e-07,0.68377223,hipótesis H3 (α_dens=2.5)
pareto_2_5,10000,1,0.01,1e-06,0.9,hipótesis H3 (α_dens=2.5)
pareto_2_5,10000,1,0.1,1e-05,0.96837722,hipótesis H3 (α_dens=2.5)
pareto_2_5,100000,0.25,0.001,4e-08,0.5,hipótesis H3 (α_dens=2.5)
pareto_2_5,100000,0.25,0.01,4e-07,0.84188612,hipótesis H3 (α_dens=2.5)
pareto_2_5,100000,0.25,0.1,4e-06,0.95,hipótesis H3 (α_dens=2.5)
pareto_2_5,100000,0.5,0.001,2e-08,0.29289322,hipótesis H3 (α_dens=2.5)
pareto_2_5,100000,0.5,0.01,2e-07,0.7763932,hipótesis H3 (α_dens=2.5)
pareto_2_5,100000,0.5,0.1,2e-06,0.92928932,hipótesis H3 (α_dens=2.5)
pareto_2_5,100000,1,0.001,1e-08,0,hipótesis H3 (α_dens=2.5)
pareto_2_5,100000,1,0.01,1e-07,0.68377223,hipótesis H3 (α_dens=2.5)
pareto_2_5,100000,1,0.1,1e-06,0.9,hipótesis H3 (α_dens=2.5)
pareto_3_0,1000,0.25,0.001,4e-06,0.9975,hipótesis H3 (α_dens=3.0)
pareto_3_0,1000,0.25,0.01,4e-05,0.99975,hipótesis H3 (α_dens=3.0)
pareto_3_0,1000,0.25,0.1,0.0004,0.999975,hipótesis H3 (α_dens=3.0)
pareto_3_0,1000,0.5,0.001,2e-06,0.995,hipótesis H3 (α_dens=3.0)
pareto_3_0,1000,0.5,0.01,2e-05,0.9995,hipótesis H3 (α_dens=3.0)
pareto_3_0,1000,0.5,0.1,0.0002,0.99995,hipótesis H3 (α_dens=3.0)
pareto_3_0,1000,1,0.001,1e-06,0.99,hipótesis H3 (α_dens=3.0)
pareto_3_0,1000,1,0.01,1e-05,0.999,hipótesis H3 (α_dens=3.0)
pareto_3_0,1000,1,0.1,0.0001,0.9999,hipótesis H3 (α_dens=3.0)
pareto_3_0,3600,0.25,0.001,1.11111e-06,0.991,hipótesis H3 (α_dens=3.0)
pareto_3_0,3600,0.25,0.01,1.11111e-05,0.9991,hipótesis H3 (α_dens=3.0)
pareto_3_0,3600,0.25,0.1,0.000111111,0.99991,hipótesis H3 (α_dens=3.0)
pareto_3_0,3600,0.5,0.001,5.55556e-07,0.982,hipótesis H3 (α_dens=3.0)
pareto_3_0,3600,0.5,0.01,5.55556e-06,0.9982,hipótesis H3 (α_dens=3.0)
pareto_3_0,3600,0.5,0.1,5.55556e-05,0.99982,hipótesis H3 (α_dens=3.0)
pareto_3_0,3600,1,0.001,2.77778e-07,0.964,hipótesis H3 (α_dens=3.0)
pareto_3_0,3600,1,0.01,2.77778e-06,0.9964,hipótesis H3 (α_dens=3.0)
pareto_3_0,3600,1,0.1,2.77778e-05,0.99964,hipótesis H3 (α_dens=3.0)
pareto_3_0,10000,0.25,0.001,4e-07,0.975,hipótesis H3 (α_dens=3.0)
pareto_3_0,10000,0.25,0.01,4e-06,0.9975,hipótesis H3 (α_dens=3.0)
pareto_3_0,10000,0.25,0.1,4e-05,0.99975,hipótesis H3 (α_dens=3.0)
pareto_3_0,10000,0.5,0.001,2e-07,0.95,hipótesis H3 (α_dens=3.0)
pareto_3_0,10000,0.5,0.01,2e-06,0.995,hipótesis H3 (α_dens=3.0)
pareto_3_0,10000,0.5,0.1,2e-05,0.9995,hipótesis H3 (α_dens=3.0)
pareto_3_0,10000,1,0.001,1e-07,0.9,hipótesis H3 (α_dens=3.0)
pareto_3_0,10000,1,0.01,1e-06,0.99,hipótesis H3 (α_dens=3.0)
pareto_3_0,10000,1,0.1,1e-05,0.999,hipótesis H3 (α_dens=3.0)
pareto_3_0,100000,0.25,0.001,4e-08,0.75,hipótesis H3 (α_dens=3.0)
pareto_3_0,100000,0.25,0.01,4e-07,0.975,hipótesis H3 (α_dens=3.0)
pareto_3_0,100000,0.25,0.1,4e-06,0.9975,hipótesis H3 (α_dens=3.0)
pareto_3_0,100000,0.5,0.001,2e-08,0.5,hipótesis H3 (α_dens=3.0)
pareto_3_0,100000,0.5,0.01,2e-07,0.95,hipótesis H3 (α_dens=3.0)
pareto_3_0,100000,0.5,0.1,2e-06,0.995,hipótesis H3 (α_dens=3.0)
pareto_3_0,100000,1,0.001,1e-08,0,hipótesis H3 (α_dens=3.0)
pareto_3_0,100000,1,0.01,1e-07,0.9,hipótesis H3 (α_dens=3.0)
pareto_3_0,100000,1,0.1,1e-06,0.99,hipótesis H3 (α_dens=3.0)
