pieza	pruebas	bucket_min	bucket_max
0	32768	0	55400
1	32768	0	56024
2	32768	2	54034
3	32768	0	56475
4	32768	0	54018
5	32768	1	57252
6	32768	0	55926
7	32768	0	55612
8	32768	0	56153
9	32768	3	56135
10	32768	1	56274
11	32768	0	55072
12	32768	1	58144
13	32768	0	57198
14	32768	2	56708
15	32768	4	56585
16	32768	2	54852
17	32768	1	54361
18	32768	4	59738
19	32768	3	56077
20	32768	0	55592
21	32768	1	56401
22	32768	1	56160
23	32768	0	56433
24	32768	4	56531
25	32768	0	54923
26	32768	2	56244
27	32768	1	53137
28	32768	0	56257
29	32768	0	57177
30	32768	0	55295
31	32768	1	55622
32	32768	0	55386
33	32768	2	56967
34	32768	0	55847
35	32768	0	53734
36	32768	0	54753
37	32768	0	55696
38	32768	0	57257
39	32768	0	56775
40	32768	2	56532
41	32768	0	56088
42	32768	0	55607
43	32768	2	55038
44	32768	0	56269
45	32768	3	55835
46	32768	0	55231
47	32768	1	58097
48	32768	0	56543
49	32768	0	54802
50	32768	1	55919
51	32768	2	56479
52	32768	3	54443
53	32768	0	53951
54	32768	1	55235
55	32768	1	53846
56	32768	0	54653
57	32768	1	55123
58	32768	1	57555
59	32768	0	55947
60	32768	0	55627
61	32768	0	53328
62	32768	0	54893
63	32768	0	55606
64	32768	0	55199
65	32768	0	56676
66	32768	0	55465
67	32768	0	57662
68	32768	0	56472
69	32768	1	56881
70	32768	0	55485
71	32768	1	54080
72	32768	1	53505
73	32768	1	55251
74	32768	0	55233
75	32768	6	55691
76	32768	1	55901
77	32768	0	55057
78	32768	0	55248
79	32768	0	56253
80	32768	0	55705
81	32768	0	56239
82	32768	2	54395
83	32768	1	54739
84	32768	2	55841
85	32768	0	55524
86	32768	1	55452
87	32768	0	55675
88	32768	0	56245
89	32768	3	55368
90	32768	0	54862
91	32768	1	54250
92	32768	1	55089
93	32768	1	56670
94	32768	0	55239
95	32768	0	56099
96	32768	0	56549
97	32768	2	55870
98	32768	1	57769
99	32768	0	55187
100	32768	0	56267
101	32768	1	55835
102	32768	0	55831
103	32768	0	55743
104	32768	0	53066
105	32768	1	56874
106	32768	0	58215
107	32768	2	59734
108	32768	0	54765
109	32768	8	55700
110	32768	0	55658
111	32768	0	56916
112	32768	0	56268
113	32768	0	54852
114	32768	0	56753
115	32768	0	56170
116	32768	1	55126
117	32768	1	55444
118	32768	1	55376
119	32768	0	55792
120	32768	1	57457
121	32768	0	55882
122	32768	0	58073
123	32768	0	55364
124	32768	0	55730
125	32768	1	55840
126	32768	0	57768
127	32768	0	56135
128	32768	0	56098
129	32768	1	55114
130	32768	1	53760
131	32768	3	57268
132	32768	0	56260
133	32768	0	54831
134	32768	2	56195
135	32768	0	55530
136	32768	1	53942
137	32768	1	56904
138	32768	0	57263
139	32768	1	54083
140	32768	0	54672
141	32768	0	57321
142	32768	1	55257
143	32768	1	55695
144	32768	0	56600
145	32768	0	54881
146	32768	0	57526
147	32768	0	56973
148	32768	1	54647
149	32768	0	55322
150	32768	1	55774
151	32768	0	53997
152	32768	1	55263
153	32768	1	56315
154	32768	0	57282
155	32768	0	58238
156	32768	0	56775
157	32768	0	54465
158	32768	0	56058
159	32768	0	55058
160	32768	0	57158
161	32768	0	56336
162	32768	1	54228
163	32768	3	54873
164	32768	1	54931
165	32768	4	56139
166	32768	0	55548
167	32768	1	54942
168	32768	1	54061
169	32768	0	54792
170	32768	1	53329
171	32768	0	55922
172	32768	0	56186
173	32768	0	55839
174	32768	0	55499
175	32768	1	55152
176	32768	0	55689
177	32768	0	56496
178	32768	0	55216
179	32768	1	55575
180	32768	0	56757
181	32768	0	53629
182	32768	0	56313
183	32768	0	55499
184	32768	1	54715
185	32768	0	55086
186	32768	1	56286
187	32768	0	56856
188	32768	0	57151
189	32768	1	55548
190	32768	0	54552
191	32768	4	56082
192	32768	2	55183
193	32768	1	56907
194	32768	0	54676
195	32768	0	57852
196	32768	0	56443
197	32768	0	56519
198	32768	0	55488
199	32768	0	57650
200	32768	1	53358
201	32768	3	56956
202	32768	0	55990
203	32768	0	57115
204	32768	0	57327
205	32768	2	55031
206	32768	3	55419
207	32768	3	55367
208	32768	0	55279
209	32768	0	54600
210	32768	0	56302
211	32768	1	56492
212	32768	2	55475
213	32768	1	54548
214	32768	0	55221
215	32768	1	56546
216	32768	0	56653
217	32768	1	57033
218	32768	0	54851
219	32768	5	57684
220	32768	0	55059
221	32768	0	55921
222	32768	4	56267
223	32768	3	56335
224	32768	3	56604
225	32768	0	52973
226	32768	0	54399
227	32768	0	54675
228	32768	0	57397
229	32768	1	54417
230	32768	0	56183
231	32768	0	55952
232	32768	2	54533
233	32768	0	57511
234	32768	2	53134
235	32768	0	57261
236	32768	2	53482
237	32768	2	55813
238	32768	1	56984
239	32768	2	55543
240	32768	1	55609
241	32768	3	57178
242	32768	0	56044
243	32768	0	57994
244	32768	0	56595
245	32768	2	56153
246	32768	0	55331
247	32768	0	55577
248	32768	0	55548
249	32768	1	56125
250	32768	0	57035
251	32768	2	55342
252	32768	5	54813
253	32768	0	55283
254	32768	0	54985
255	32768	0	55306
256	32768	0	54937
257	32768	0	56429
258	32768	0	54221
259	32768	0	55516
260	32768	0	54696
261	32768	0	55859
262	32768	1	57029
263	32768	1	56724
264	32768	0	56443
265	32768	0	55973
266	32768	1	55029
267	32768	0	54972
268	32768	1	55503
269	32768	0	55926
270	32768	0	55927
271	32768	1	57201
272	32768	0	54776
273	32768	0	55905
274	32768	0	55465
275	32768	0	56476
276	32768	0	54491
277	32768	1	53840
278	32768	0	54591
279	32768	1	58346
280	32768	0	55993
281	32768	1	54894
282	32768	3	56461
283	32768	0	56195
284	32768	1	54332
285	32768	0	56242
286	32768	0	56892
287	32768	1	55245
288	32768	0	55491
289	32768	1	54678
290	32768	1	55662
291	32768	0	57071
292	32768	0	57169
293	32768	1	54548
294	32768	0	55371
295	32768	0	55989
296	32768	1	54542
297	32768	0	58023
298	32768	0	55531
299	32768	0	55560
300	32768	0	54909
301	32768	4	57200
302	32768	1	54908
303	32768	0	57015
304	32768	1	55477
305	32768	2	56982
306	32768	0	56267
307	32768	1	54702
308	32768	0	56535
309	32768	0	53617
310	32768	0	55353
311	32768	0	57504
312	32768	0	54417
313	32768	2	57511
314	32768	0	55046
315	32768	2	55274
316	32768	0	56754
317	32768	1	55275
318	32768	1	57074
319	32768	0	54966
320	32768	0	56423
321	32768	0	55002
322	32768	0	56895
323	32768	0	56757
324	32768	0	58520
325	32768	0	57918
326	32768	2	53276
327	32768	1	57403
328	32768	1	55997
329	32768	0	55027
330	32768	1	55065
331	32768	0	56233
332	32768	3	57590
333	32768	1	55306
334	32768	1	55643
335	32768	0	55064
336	32768	0	57102
337	32768	0	55378
338	32768	0	55844
339	32768	0	57357
340	32768	0	56646
341	32768	0	56808
342	32768	1	55913
343	32768	0	54407
344	32768	0	54659
345	32768	0	57304
346	32768	2	54232
347	32768	0	56431
348	32768	0	55752
349	32768	1	55846
350	32768	1	55239
351	32768	1	55517
352	32768	1	55875
353	32768	0	56037
354	32768	1	54923
355	32768	1	56570
356	32768	2	56862
357	32768	0	54736
358	32768	6	55092
359	32768	2	54633
360	32768	0	55491
361	32768	0	55500
362	32768	5	55523
363	32768	1	55046
364	32768	1	55322
365	32768	0	56255
366	32768	1	53898
367	32768	2	55089
368	32768	1	55892
369	32768	0	55942
370	32768	0	55226
371	32768	0	57367
372	32768	1	54386
373	32768	1	56170
374	32768	0	55191
375	32768	0	52896
376	32768	0	58808
377	32768	1	58008
378	32768	0	54875
379	32768	1	57103
380	32768	0	56014
381	32768	0	57465
382	32768	0	56713
383	32768	1	58530
384	32768	0	57307
385	32768	0	56362
386	32768	0	54802
387	32768	0	55334
388	32768	2	58328
389	32768	1	54652
390	32768	0	58296
391	32768	1	55325
392	32768	0	53874
393	32768	0	54026
394	32768	2	55822
395	32768	0	54568
396	32768	0	54343
397	32768	0	56484
398	32768	1	56525
399	32768	4	55266
400	32768	0	56994
401	32768	1	56873
402	32768	2	56022
403	32768	0	55499
404	32768	0	55796
405	32768	1	56005
406	32768	1	54614
407	32768	0	57097
408	32768	1	55075
409	32768	2	57925
410	32768	2	56262
411	32768	1	55163
412	32768	1	58751
413	32768	1	53197
414	32768	0	55199
415	32768	1	56984
416	32768	0	55365
417	32768	0	55118
418	32768	0	56847
419	32768	0	56471
420	32768	0	56732
421	32768	0	55670
422	32768	2	55153
423	32768	0	55664
424	32768	5	55236
425	32768	0	53082
426	32768	2	54696
427	32768	0	55118
428	32768	2	54852
429	32768	1	56153
430	32768	0	56330
431	32768	0	55499
432	32768	0	55547
433	32768	1	56829
434	32768	2	56329
435	32768	0	55007
436	32768	0	55749
437	32768	1	57381
438	32768	0	59108
439	32768	4	58074
440	32768	1	55160
441	32768	0	56888
442	32768	0	55351
443	32768	0	56906
444	32768	1	56776
445	32768	0	54082
446	32768	2	54795
447	32768	0	54672
448	32768	0	56215
449	32768	0	57197
450	32768	0	55442
451	32768	0	54867
452	32768	0	55412
453	32768	0	54146
454	32768	0	57365
455	32768	0	53163
456	32768	2	55878
457	32768	0	56919
458	32768	2	54903
459	32768	0	56836
460	32768	1	54632
461	32768	0	55472
462	32768	0	57087
463	32768	0	55241
464	32768	0	55854
465	32768	0	58135
466	32768	0	55855
467	32768	0	57409
468	32768	1	56021
469	32768	0	56443
470	32768	2	55748
471	32768	1	54523
472	32768	0	54187
473	32768	0	57059
474	32768	0	54478
475	32768	0	53964
476	32768	1	56143
477	32768	0	55377
478	32768	0	56306
479	32768	1	54479
480	32768	0	56004
481	32768	0	56923
482	32768	0	55874
483	32768	0	55815
484	32768	0	54565
485	32768	0	54621
486	32768	0	54729
487	32768	0	57887
488	32768	3	56322
489	32768	0	55733
490	32768	0	53757
491	32768	0	56209
492	32768	2	56280
493	32768	0	56102
494	32768	2	57330
495	32768	0	56286
496	32768	2	56644
497	32768	0	56015
498	32768	1	55086
499	32768	0	58205
500	32768	0	55762
501	32768	2	57625
502	32768	1	57870
503	32768	1	54572
504	32768	0	54743
505	32768	1	55538
506	32768	0	57399
507	32768	0	56623
508	32768	1	54989
509	32768	0	56649
510	32768	3	56717
511	32768	0	55159
512	32768	0	57894
513	32768	1	56150
514	32768	3	54505
515	32768	0	56749
516	32768	0	55679
517	32768	2	55693
518	32768	0	55518
519	32768	0	56319
520	32768	0	54385
521	32768	0	57685
522	32768	0	56079
523	32768	0	56451
524	32768	1	54315
525	32768	1	54937
526	32768	0	57392
527	32768	0	56294
528	32768	0	53869
529	32768	1	55439
530	32768	0	57648
531	32768	0	58832
532	32768	2	54985
533	32768	1	53926
534	32768	1	53947
535	32768	0	55544
536	32768	1	57665
537	32768	1	56658
538	32768	1	55350
539	32768	0	52802
540	32768	2	55816
541	32768	1	56622
542	32768	2	55039
543	32768	0	56006
544	32768	1	57417
545	32768	0	54731
546	32768	0	54232
547	32768	1	55763
548	32768	1	57244
549	32768	0	56747
550	32768	0	54480
551	32768	1	58339
552	32768	0	56518
553	32768	1	55069
554	32768	0	55061
555	32768	0	53965
556	32768	0	56145
557	32768	1	55844
558	32768	4	57240
559	32768	0	56995
560	32768	0	55693
561	32768	2	54569
562	32768	0	54674
563	32768	1	55528
564	32768	0	55636
565	32768	1	55070
566	32768	0	55282
567	32768	0	55134
568	32768	0	53784
569	32768	0	56621
570	32768	0	56942
571	32768	0	56347
572	32768	0	54085
573	32768	0	57569
574	32768	1	57686
575	32768	0	55401
576	32768	2	55742
577	32768	1	55414
578	32768	1	55373
579	32768	1	56162
580	32768	1	54792
581	32768	0	55603
582	32768	0	56178
583	32768	1	57487
584	32768	0	54153
585	32768	0	54551
586	32768	1	55428
587	32768	0	55863
588	32768	0	55318
589	32768	0	58624
590	32768	0	56154
591	32768	0	54213
592	32768	1	55703
593	32768	0	55723
594	32768	1	57886
595	32768	1	55923
596	32768	0	55218
597	32768	1	56931
598	32768	0	57502
599	32768	0	53410
600	32768	0	54354
601	32768	0	55253
602	32768	0	55279
603	32768	0	55223
604	32768	1	54338
605	32768	0	52943
606	32768	0	55055
607	32768	0	54870
608	32768	3	54126
609	32768	0	55474
610	32768	0	56415
611	32768	0	56996
612	32768	6	55821
613	32768	0	55335
614	32768	0	57251
615	32768	3	54734
616	32768	0	54023
617	32768	0	56037
618	32768	0	57234
619	32768	1	55392
620	32768	0	54545
621	32768	0	57544
622	32768	1	53943
623	32768	1	56723
624	32768	0	53267
625	32768	0	55056
626	32768	1	57068
627	32768	1	55827
628	32768	0	57117
629	32768	2	55098
630	32768	0	55331
631	32768	1	54747
632	32768	0	55551
633	32768	0	56614
634	32768	2	54593
635	32768	1	56982
636	32768	0	54570
637	32768	0	55519
638	32768	0	55151
639	32768	2	56642
640	32768	5	56785
641	32768	0	54132
642	32768	0	54278
643	32768	0	53798
644	32768	4	55989
645	32768	0	54866
646	32768	0	56667
647	32768	2	56454
648	32768	1	55517
649	32768	0	57238
650	32768	0	55673
651	32768	0	54833
652	32768	0	55252
653	32768	1	55969
654	32768	3	55855
655	32768	1	55922
656	32768	1	57230
657	32768	0	55467
658	32768	0	56675
659	32768	0	54528
660	32768	0	54472
661	32768	1	56221
662	32768	1	54083
663	32768	2	53882
664	32768	2	54889
665	32768	0	56304
666	32768	1	55116
667	32768	0	54415
668	32768	0	56974
669	32768	0	55925
670	32768	3	54168
671	32768	1	57229
672	32768	1	57160
673	32768	0	54156
674	32768	0	56574
675	32768	0	55719
676	32768	0	56461
677	32768	0	55307
678	32768	0	56730
679	32768	5	56570
680	32768	3	54076
681	32768	0	56697
682	32768	0	56185
683	32768	1	55249
684	32768	1	55000
685	32768	2	57098
686	32768	1	57769
687	32768	3	55694
688	32768	0	54176
689	32768	1	54509
690	32768	0	54793
691	32768	0	55868
692	32768	1	55383
693	32768	0	53978
694	32768	0	55589
695	32768	0	54617
696	32768	0	56485
697	32768	3	54733
698	32768	1	56535
699	32768	0	57406
700	32768	0	56162
701	32768	0	55552
702	32768	3	56921
703	32768	0	55934
704	32768	0	53888
705	32768	2	56721
706	32768	0	55302
707	32768	1	55430
708	32768	1	55838
709	32768	1	56642
710	32768	0	56876
711	32768	1	55917
712	32768	2	55837
713	32768	3	56697
714	32768	0	55422
715	32768	0	54007
716	32768	0	55374
717	32768	2	55380
718	32768	0	54237
719	32768	2	54643
720	32768	3	55468
721	32768	0	56861
722	32768	1	56694
723	32768	0	55350
724	32768	2	55994
725	32768	0	55252
726	32768	0	54862
727	32768	0	55755
728	32768	0	53884
729	32768	4	56400
730	32768	0	55772
731	32768	0	55631
732	32768	0	57382
733	32768	2	57215
734	32768	0	55730
735	32768	0	57223
736	32768	0	54189
737	32768	0	57859
738	32768	0	58284
739	32768	1	56544
740	32768	0	57118
741	32768	0	57459
742	32768	1	56796
743	32768	0	55847
744	32768	2	56335
745	32768	1	55051
746	32768	1	56955
747	32768	0	54910
748	32768	0	56008
749	32768	2	55013
750	32768	0	54757
751	32768	0	55689
752	32768	1	54595
753	32768	1	55080
754	32768	0	55370
755	32768	0	55177
756	32768	4	55117
757	32768	1	54952
758	32768	1	57418
759	32768	0	55043
760	32768	1	55186
761	32768	0	55828
762	32768	3	56953
763	32768	0	54848
764	32768	0	56861
765	32768	0	56472
766	32768	0	55269
767	32768	0	56214
768	32768	0	56036
769	32768	1	56170
770	32768	1	55947
771	32768	0	54575
772	32768	0	57453
773	32768	0	53963
774	32768	0	56974
775	32768	0	55099
776	32768	0	56905
777	32768	0	55960
778	32768	0	55879
779	32768	0	55005
780	32768	0	55598
781	32768	0	54931
782	32768	3	55845
783	32768	0	56099
784	32768	0	57319
785	32768	3	53914
786	32768	0	54728
787	32768	0	56370
788	32768	2	57745
789	32768	1	57290
790	32768	0	55803
791	32768	0	54997
792	32768	0	56135
793	32768	1	57353
794	32768	1	54477
795	32768	0	55395
796	32768	0	55836
797	32768	0	52716
798	32768	0	54294
799	32768	0	55559
800	32768	0	53791
801	32768	2	54202
802	32768	0	55362
803	32768	2	55469
804	32768	1	54088
805	32768	0	55915
806	32768	0	55562
807	32768	0	56996
808	32768	0	56672
809	32768	1	56744
810	32768	0	56304
811	32768	2	56396
812	32768	1	56276
813	32768	0	54202
814	32768	0	57349
815	32768	1	56312
816	32768	2	56271
817	32768	0	53044
818	32768	9	56228
819	32768	0	54409
820	32768	0	55412
821	32768	1	55460
822	32768	1	56542
823	32768	0	58079
824	32768	0	54060
825	32768	0	55996
826	32768	2	55321
827	32768	0	54561
828	32768	0	55363
829	32768	0	56612
830	32768	0	56607
831	32768	1	56800
832	32768	0	55901
833	32768	0	55544
834	32768	1	56986
835	32768	0	55651
836	32768	0	56138
837	32768	3	55543
838	32768	0	54513
839	32768	1	55908
840	32768	0	55607
841	32768	0	53023
842	32768	0	54524
843	32768	0	56180
844	32768	1	58912
845	32768	0	55979
846	32768	7	56062
847	32768	0	54449
848	32768	0	55890
849	32768	0	53794
850	32768	0	55748
851	32768	2	56580
852	32768	1	55877
853	32768	0	56097
854	32768	0	54344
855	32768	0	53353
856	32768	0	55183
857	32768	0	55168
858	32768	0	56203
859	32768	0	55476
860	32768	0	55755
861	32768	0	54605
862	32768	0	55156
863	32768	0	53919
864	32768	2	54739
865	32768	0	56392
866	32768	0	55085
867	32768	0	55493
868	32768	0	56051
869	32768	1	53095
870	32768	0	54250
871	32768	1	56436
872	32768	0	55622
873	32768	0	56024
874	32768	1	56368
875	32768	4	54268
876	32768	0	56704
877	32768	0	56389
878	32768	0	56542
879	32768	0	52970
880	32768	0	55001
881	32768	1	55402
882	32768	1	55454
883	32768	0	55501
884	32768	0	55863
885	32768	0	55132
886	32768	2	55751
887	32768	2	55591
888	32768	0	54722
889	32768	0	56551
890	32768	3	56173
891	32768	0	54678
892	32768	0	56383
893	32768	0	56118
894	32768	6	56575
895	32768	2	55121
896	32768	0	57155
897	32768	1	56423
898	32768	0	58436
899	32768	1	55687
900	32768	1	54345
901	32768	7	55669
902	32768	0	56010
903	32768	2	55631
904	32768	0	55022
905	32768	0	54899
906	32768	2	54250
907	32768	0	56075
908	32768	1	55084
909	32768	1	55527
910	32768	0	55481
911	32768	1	55093
912	32768	0	55634
913	32768	0	57980
914	32768	0	57223
915	32768	0	54022
916	32768	3	54666
917	32768	1	55238
918	32768	0	55934
919	32768	3	54161
920	32768	0	56337
921	32768	2	55883
922	32768	0	55824
923	32768	0	55518
924	32768	1	57744
925	32768	1	55218
926	32768	0	54037
927	32768	0	56552
928	32768	3	56146
929	32768	0	55765
930	32768	0	56197
931	32768	0	55454
932	32768	0	55560
933	32768	0	54877
934	32768	0	54926
935	32768	1	55382
936	32768	0	55260
937	32768	0	57904
938	32768	2	55534
939	32768	1	56956
940	32768	2	56784
941	32768	0	53180
942	32768	1	53863
943	32768	3	57316
944	32768	0	54058
945	32768	0	56294
946	32768	3	58008
947	32768	3	55913
948	32768	1	55358
949	32768	0	53943
950	32768	0	54014
951	32768	2	56007
952	32768	1	55324
953	32768	2	54840
954	32768	2	56483
955	32768	0	54849
956	32768	0	55780
957	32768	2	55273
958	32768	0	54472
959	32768	1	55986
960	32768	0	56385
961	32768	2	54994
962	32768	5	54733
963	32768	0	54757
964	32768	1	56523
965	32768	5	55545
966	32768	1	55768
967	32768	0	55718
968	32768	1	56452
969	32768	0	55458
970	32768	0	56740
971	32768	0	54290
972	32768	0	55051
973	32768	0	56963
974	32768	3	56380
975	32768	1	56312
976	32768	0	56298
977	32768	3	54973
978	32768	0	53858
979	32768	1	55739
980	32768	1	55932
981	32768	0	56341
982	32768	0	57428
983	32768	0	56207
984	32768	0	56251
985	32768	0	55282
986	32768	0	54289
987	32768	0	53838
988	32768	1	54163
989	32768	0	55068
990	32768	0	57415
991	32768	0	58428
992	32768	0	56872
993	32768	4	56900
994	32768	0	54792
995	32768	1	55441
996	32768	0	55640
997	32768	0	54636
998	32768	4	58022
999	32768	0	53919
