sr	metrica	valor	unidad	nota	diseno
6148914691236495	un_flujo_chunks_auditados_slot	500.0000	chunks/slot	media sobre los 65536 buckets	poblacion: buckets del sector
6148914691236495	dos_retos_leidos_suma_media	1051.9375	chunks/slot	W1+W2: el mismo sector responde a los dos retos	muestra: 2016 pares de 64 retos
6148914691236495	dos_retos_buckets_iguales_frac	0.000000	fraccion	1/65536 si los buckets fuesen independientes	muestra
6148914691236495	dos_retos_chunks_comunes_medio	275.8061	chunks	piezas auditadas por los DOS retos	muestra
6148914691236495	dos_retos_chunks_comunes_ic95_bootstrap	[232.50, 322.01]	chunks	bootstrap de bloques sobre los 64 RETOS (unidad independiente)	diseno valido
6148914691236495	dos_retos_solapamiento_esperado_indep	276.4855	chunks	|Ai|*|Aj|/M (hipergeometrico)	referencia
6148914691236495	dos_retos_correlacion_leidos	-0.01125396	adimensional	Pearson; la correlacion POBLACIONAL es 0 por intercambiabilidad de los retos	descriptivo
6148914691236495	dos_retos_correlacion_candidatos	-0.01544531	adimensional	Pearson; correlacion poblacional 0 por intercambiabilidad	descriptivo
6148914691236495	dos_retos_p_al_menos_uno_observado	0.263393	fraccion	frecuencia empirica por par	muestra
6148914691236495	dos_retos_p_al_menos_uno_observado_ic95_bootstrap	[0.1238, 0.3953]	fraccion	bootstrap de bloques sobre los 64 RETOS	diseno valido
6148914691236495	dos_retos_p_al_menos_uno_indep	0.293299	fraccion	1-(1-p)^leidos_i (1-p)^leidos_j por par, promedio; MISMO nivel de agregacion	referencia
6148914691236495	dos_retos_candidatos_comunes_medio	0.000000	candidatos	los dos retos ganan con la MISMA pieza	muestra
6148914691236495	dos_retos_candidatos_comunes_esperado	0.000031	candidatos	solapamiento * p^2 bajo independencia	referencia
6148914691236495	dos_retos_candidatos_suma_media	0.312500	candidatos	cand_i + cand_j	muestra
6148914691236495	reparto_exclusivo_una_asignacion_media	525.2222	chunks/slot	UNA asignacion asimetrica de las mitades: NO es la magnitud a publicar	sesgo de diseno
6148914691236495	reparto_exclusivo_compartido_medio	1051.9375	chunks/slot	media del escenario compartido	estimador
6148914691236495	reparto_exclusivo_promedio_mitades_medio	525.9688	chunks/slot	promedio de las DOS asignaciones de mitades	estimador
6148914691236495	reparto_exclusivo_promedio_igual_mitad	true	booleano	IDENTIDAD para TODO par: promedio = compartido/2, tambien con buckets vacios	identidad
6148914691236495	reparto_exclusivo_razon_medias	2.0000000000	adimensional	mean(compartido)/mean(promedio): exactamente 2 si la media no es nula	identidad
6148914691236495	reparto_exclusivo_pares_degenerados	10	pares	compartido=promedio=0: el cociente par a par es 0/0 INDEFINIDO, no 2	limite
6148914691236495	reparto_exclusivo_razon_par_a_par	2.0 cuando compartido>0; indefinido cuando =0	adimensional	NO es 2 para todo par: 10 de 2016 pares son degenerados	limite
6148914691236495	reparto_exclusivo_razon_una_asignacion	2.002843	adimensional	una sola asignacion asimetrica: NO usar como magnitud	sesgo de diseno
144115188075855870	un_flujo_chunks_auditados_slot	500.0000	chunks/slot	media sobre los 65536 buckets	poblacion: buckets del sector
144115188075855870	dos_retos_leidos_suma_media	1051.9375	chunks/slot	W1+W2: el mismo sector responde a los dos retos	muestra: 2016 pares de 64 retos
144115188075855870	dos_retos_buckets_iguales_frac	0.000000	fraccion	1/65536 si los buckets fuesen independientes	muestra
144115188075855870	dos_retos_chunks_comunes_medio	275.8061	chunks	piezas auditadas por los DOS retos	muestra
144115188075855870	dos_retos_chunks_comunes_ic95_bootstrap	[232.50, 322.01]	chunks	bootstrap de bloques sobre los 64 RETOS (unidad independiente)	diseno valido
144115188075855870	dos_retos_solapamiento_esperado_indep	276.4855	chunks	|Ai|*|Aj|/M (hipergeometrico)	referencia
144115188075855870	dos_retos_correlacion_leidos	-0.01125396	adimensional	Pearson; la correlacion POBLACIONAL es 0 por intercambiabilidad de los retos	descriptivo
144115188075855870	dos_retos_correlacion_candidatos	-0.00313655	adimensional	Pearson; correlacion poblacional 0 por intercambiabilidad	descriptivo
144115188075855870	dos_retos_p_al_menos_uno_observado	0.992560	fraccion	frecuencia empirica por par	muestra
144115188075855870	dos_retos_p_al_menos_uno_observado_ic95_bootstrap	[0.9782, 0.9995]	fraccion	bootstrap de bloques sobre los 64 RETOS	diseno valido
144115188075855870	dos_retos_p_al_menos_uno_indep	0.990547	fraccion	1-(1-p)^leidos_i (1-p)^leidos_j por par, promedio; MISMO nivel de agregacion	referencia
144115188075855870	dos_retos_candidatos_comunes_medio	0.012897	candidatos	los dos retos ganan con la MISMA pieza	muestra
144115188075855870	dos_retos_candidatos_comunes_esperado	0.016834	candidatos	solapamiento * p^2 bajo independencia	referencia
144115188075855870	dos_retos_candidatos_suma_media	8.000000	candidatos	cand_i + cand_j	muestra
144115188075855870	reparto_exclusivo_una_asignacion_media	525.2222	chunks/slot	UNA asignacion asimetrica de las mitades: NO es la magnitud a publicar	sesgo de diseno
144115188075855870	reparto_exclusivo_compartido_medio	1051.9375	chunks/slot	media del escenario compartido	estimador
144115188075855870	reparto_exclusivo_promedio_mitades_medio	525.9688	chunks/slot	promedio de las DOS asignaciones de mitades	estimador
144115188075855870	reparto_exclusivo_promedio_igual_mitad	true	booleano	IDENTIDAD para TODO par: promedio = compartido/2, tambien con buckets vacios	identidad
144115188075855870	reparto_exclusivo_razon_medias	2.0000000000	adimensional	mean(compartido)/mean(promedio): exactamente 2 si la media no es nula	identidad
144115188075855870	reparto_exclusivo_pares_degenerados	10	pares	compartido=promedio=0: el cociente par a par es 0/0 INDEFINIDO, no 2	limite
144115188075855870	reparto_exclusivo_razon_par_a_par	2.0 cuando compartido>0; indefinido cuando =0	adimensional	NO es 2 para todo par: 10 de 2016 pares son degenerados	limite
144115188075855870	reparto_exclusivo_razon_una_asignacion	2.002843	adimensional	una sola asignacion asimetrica: NO usar como magnitud	sesgo de diseno
2305843009213693950	un_flujo_chunks_auditados_slot	500.0000	chunks/slot	media sobre los 65536 buckets	poblacion: buckets del sector
2305843009213693950	dos_retos_leidos_suma_media	1051.9375	chunks/slot	W1+W2: el mismo sector responde a los dos retos	muestra: 2016 pares de 64 retos
2305843009213693950	dos_retos_buckets_iguales_frac	0.000000	fraccion	1/65536 si los buckets fuesen independientes	muestra
2305843009213693950	dos_retos_chunks_comunes_medio	275.8061	chunks	piezas auditadas por los DOS retos	muestra
2305843009213693950	dos_retos_chunks_comunes_ic95_bootstrap	[232.50, 322.01]	chunks	bootstrap de bloques sobre los 64 RETOS (unidad independiente)	diseno valido
2305843009213693950	dos_retos_solapamiento_esperado_indep	276.4855	chunks	|Ai|*|Aj|/M (hipergeometrico)	referencia
2305843009213693950	dos_retos_correlacion_leidos	-0.01125396	adimensional	Pearson; la correlacion POBLACIONAL es 0 por intercambiabilidad de los retos	descriptivo
2305843009213693950	dos_retos_correlacion_candidatos	-0.01092506	adimensional	Pearson; correlacion poblacional 0 por intercambiabilidad	descriptivo
2305843009213693950	dos_retos_p_al_menos_uno_observado	0.995040	fraccion	frecuencia empirica por par	muestra
2305843009213693950	dos_retos_p_al_menos_uno_observado_ic95_bootstrap	[0.9843, 1.0000]	fraccion	bootstrap de bloques sobre los 64 RETOS	diseno valido
2305843009213693950	dos_retos_p_al_menos_uno_indep	0.994783	fraccion	1-(1-p)^leidos_i (1-p)^leidos_j por par, promedio; MISMO nivel de agregacion	referencia
2305843009213693950	dos_retos_candidatos_comunes_medio	4.358631	candidatos	los dos retos ganan con la MISMA pieza	muestra
2305843009213693950	dos_retos_candidatos_comunes_esperado	4.309470	candidatos	solapamiento * p^2 bajo independencia	referencia
2305843009213693950	dos_retos_candidatos_suma_media	132.687500	candidatos	cand_i + cand_j	muestra
2305843009213693950	reparto_exclusivo_una_asignacion_media	525.2222	chunks/slot	UNA asignacion asimetrica de las mitades: NO es la magnitud a publicar	sesgo de diseno
2305843009213693950	reparto_exclusivo_compartido_medio	1051.9375	chunks/slot	media del escenario compartido	estimador
2305843009213693950	reparto_exclusivo_promedio_mitades_medio	525.9688	chunks/slot	promedio de las DOS asignaciones de mitades	estimador
2305843009213693950	reparto_exclusivo_promedio_igual_mitad	true	booleano	IDENTIDAD para TODO par: promedio = compartido/2, tambien con buckets vacios	identidad
2305843009213693950	reparto_exclusivo_razon_medias	2.0000000000	adimensional	mean(compartido)/mean(promedio): exactamente 2 si la media no es nula	identidad
2305843009213693950	reparto_exclusivo_pares_degenerados	10	pares	compartido=promedio=0: el cociente par a par es 0/0 INDEFINIDO, no 2	limite
2305843009213693950	reparto_exclusivo_razon_par_a_par	2.0 cuando compartido>0; indefinido cuando =0	adimensional	NO es 2 para todo par: 10 de 2016 pares son degenerados	limite
2305843009213693950	reparto_exclusivo_razon_una_asignacion	2.002843	adimensional	una sola asignacion asimetrica: NO usar como magnitud	sesgo de diseno
9223372036854775806	un_flujo_chunks_auditados_slot	500.0000	chunks/slot	media sobre los 65536 buckets	poblacion: buckets del sector
9223372036854775806	dos_retos_leidos_suma_media	1051.9375	chunks/slot	W1+W2: el mismo sector responde a los dos retos	muestra: 2016 pares de 64 retos
9223372036854775806	dos_retos_buckets_iguales_frac	0.000000	fraccion	1/65536 si los buckets fuesen independientes	muestra
9223372036854775806	dos_retos_chunks_comunes_medio	275.8061	chunks	piezas auditadas por los DOS retos	muestra
9223372036854775806	dos_retos_chunks_comunes_ic95_bootstrap	[232.50, 322.01]	chunks	bootstrap de bloques sobre los 64 RETOS (unidad independiente)	diseno valido
9223372036854775806	dos_retos_solapamiento_esperado_indep	276.4855	chunks	|Ai|*|Aj|/M (hipergeometrico)	referencia
9223372036854775806	dos_retos_correlacion_leidos	-0.01125396	adimensional	Pearson; la correlacion POBLACIONAL es 0 por intercambiabilidad de los retos	descriptivo
9223372036854775806	dos_retos_correlacion_candidatos	-0.01170258	adimensional	Pearson; correlacion poblacional 0 por intercambiabilidad	descriptivo
9223372036854775806	dos_retos_p_al_menos_uno_observado	0.995040	fraccion	frecuencia empirica por par	muestra
9223372036854775806	dos_retos_p_al_menos_uno_observado_ic95_bootstrap	[0.9843, 1.0000]	fraccion	bootstrap de bloques sobre los 64 RETOS	diseno valido
9223372036854775806	dos_retos_p_al_menos_uno_indep	0.995040	fraccion	1-(1-p)^leidos_i (1-p)^leidos_j por par, promedio; MISMO nivel de agregacion	referencia
9223372036854775806	dos_retos_candidatos_comunes_medio	67.935020	candidatos	los dos retos ganan con la MISMA pieza	muestra
9223372036854775806	dos_retos_candidatos_comunes_esperado	68.951513	candidatos	solapamiento * p^2 bajo independencia	referencia
9223372036854775806	dos_retos_candidatos_suma_media	521.937500	candidatos	cand_i + cand_j	muestra
9223372036854775806	reparto_exclusivo_una_asignacion_media	525.2222	chunks/slot	UNA asignacion asimetrica de las mitades: NO es la magnitud a publicar	sesgo de diseno
9223372036854775806	reparto_exclusivo_compartido_medio	1051.9375	chunks/slot	media del escenario compartido	estimador
9223372036854775806	reparto_exclusivo_promedio_mitades_medio	525.9688	chunks/slot	promedio de las DOS asignaciones de mitades	estimador
9223372036854775806	reparto_exclusivo_promedio_igual_mitad	true	booleano	IDENTIDAD para TODO par: promedio = compartido/2, tambien con buckets vacios	identidad
9223372036854775806	reparto_exclusivo_razon_medias	2.0000000000	adimensional	mean(compartido)/mean(promedio): exactamente 2 si la media no es nula	identidad
9223372036854775806	reparto_exclusivo_pares_degenerados	10	pares	compartido=promedio=0: el cociente par a par es 0/0 INDEFINIDO, no 2	limite
9223372036854775806	reparto_exclusivo_razon_par_a_par	2.0 cuando compartido>0; indefinido cuando =0	adimensional	NO es 2 para todo par: 10 de 2016 pares son degenerados	limite
9223372036854775806	reparto_exclusivo_razon_una_asignacion	2.002843	adimensional	una sola asignacion asimetrica: NO usar como magnitud	sesgo de diseno
