medir	piezas=4	hilos=1	n=131072	m=131072	profundidad=17	cod1=131072	sector_bytes=4227648
modo	piezas	hilos	estrategia	L	apertura	posicion	tablas	hojas	wall_ns	cpu_ns	verif	almacenamiento_bytes	vmhwm_kib
medir	4	1	E-disco	-1	0	8919	0	0	140	0	1	4227648	531840
medir	4	1	E-disco	-1	1	83842	0	0	70	0	1	4227648	531840
medir	4	1	E-disco	-1	2	45396	0	0	570	0	1	4227648	531840
medir	4	1	E-disco	-1	3	95768	0	0	350	0	1	4227648	531840
medir	4	1	E-disco	-1	4	15019	0	0	400	0	1	4227648	531840
medir	4	1	E-disco	-1	5	119400	0	0	360	0	1	4227648	531840
medir	4	1	E-disco	-1	6	106303	0	0	390	0	1	4227648	531840
medir	4	1	E-disco	-1	7	57663	0	0	280	0	1	4227648	531840
medir	4	1	E-disco	-1	8	64697	0	0	550	0	1	4227648	531840
medir	4	1	E-disco	-1	9	28774	0	0	310	0	1	4227648	531840
medir	4	1	E-arbol(L=0)	0	0	8919	1	1	844897141	844868287	1	4194304	531840
medir	4	1	E-arbol(L=0)	0	1	83842	1	1	847073561	846879297	1	4194304	531840
medir	4	1	E-arbol(L=0)	0	2	45396	1	1	888579634	888993530	1	4194304	531840
medir	4	1	E-arbol(L=0)	0	3	95768	1	1	886573412	886999659	1	4194304	531840
medir	4	1	E-arbol(L=0)	0	4	15019	1	1	905572372	906003019	1	4194304	531840
medir	4	1	E-arbol(L=0)	0	5	119400	1	1	884330365	884987089	1	4194304	531840
medir	4	1	E-arbol(L=0)	0	6	106303	1	1	875582850	875998769	1	4194304	531840
medir	4	1	E-arbol(L=0)	0	7	57663	1	1	859951136	859930794	1	4194304	531840
medir	4	1	E-arbol(L=0)	0	8	64697	1	1	848865627	848897060	1	4194304	531840
medir	4	1	E-arbol(L=0)	0	9	28774	1	1	847426914	847845834	1	4194304	531840
medir	4	1	E-arbol(L=1)	1	0	8919	2	2	1634303704	1633823067	1	2097152	531840
medir	4	1	E-arbol(L=1)	1	1	83842	2	2	1622051756	1621924812	1	2097152	531840
medir	4	1	E-arbol(L=1)	1	2	45396	2	2	1622864300	1622956592	1	2097152	531840
medir	4	1	E-arbol(L=1)	1	3	95768	2	2	1658505896	1658924064	1	2097152	531840
medir	4	1	E-arbol(L=1)	1	4	15019	2	2	1663886084	1663680279	1	2097152	531840
medir	4	1	E-arbol(L=1)	1	5	119400	2	2	1708212445	1708718149	1	2097152	531840
medir	4	1	E-arbol(L=1)	1	6	106303	2	2	1727457380	1727992732	1	2097152	531840
medir	4	1	E-arbol(L=1)	1	7	57663	2	2	1863816918	1863809050	1	2097152	531840
medir	4	1	E-arbol(L=1)	1	8	64697	2	2	1754125165	1753650551	1	2097152	531840
medir	4	1	E-arbol(L=1)	1	9	28774	2	2	1763866411	1763715439	1	2097152	531840
medir	4	1	E-arbol(L=2)	2	0	8919	3	4	2608908979	2609273782	1	1048576	531840
medir	4	1	E-arbol(L=2)	2	1	83842	3	4	2580388420	2579284052	1	1048576	531840
medir	4	1	E-arbol(L=2)	2	2	45396	2	4	1741411256	1740071666	1	1048576	531840
medir	4	1	E-arbol(L=2)	2	3	95768	2	4	1768925585	1768929891	1	1048576	531840
medir	4	1	E-arbol(L=2)	2	4	15019	4	4	3455465620	3454613506	1	1048576	531840
medir	4	1	E-arbol(L=2)	2	5	119400	4	4	3443973677	3444043567	1	1048576	531840
medir	4	1	E-arbol(L=2)	2	6	106303	3	4	2585262167	2584399463	1	1048576	531840
medir	4	1	E-arbol(L=2)	2	7	57663	3	4	2584212137	2584396140	1	1048576	531840
medir	4	1	E-arbol(L=2)	2	8	64697	3	4	2566292277	2566319921	1	1048576	531840
medir	4	1	E-arbol(L=2)	2	9	28774	3	4	2635712651	2635397450	1	1048576	531840
medir	4	1	E-arbol(L=4)	4	0	8919	4	16	3454156154	3453955088	1	262144	531840
medir	4	1	E-arbol(L=4)	4	1	83842	4	16	3451982116	3452021143	1	262144	531840
medir	4	1	E-arbol(L=4)	4	2	45396	4	16	3448924883	3449004820	1	262144	531840
medir	4	1	E-arbol(L=4)	4	3	95768	4	16	3445818883	3446020798	1	262144	531840
medir	4	1	E-arbol(L=4)	4	4	15019	4	16	3470939897	3471948751	1	262144	531840
medir	4	1	E-arbol(L=4)	4	5	119400	4	16	3295437930	3294766248	1	262144	531840
medir	4	1	E-arbol(L=4)	4	6	106303	4	16	3280545332	3279473600	1	262144	531840
medir	4	1	E-arbol(L=4)	4	7	57663	4	16	3259093718	3259425171	1	262144	531840
medir	4	1	E-arbol(L=4)	4	8	64697	4	16	3366436106	3366577702	1	262144	531840
medir	4	1	E-arbol(L=4)	4	9	28774	4	16	3280902735	3280967788	1	262144	531840
medir	4	1	E-nada	17	0	8919	4	131072	3566609945	3566868562	1	32	531840
medir	4	1	E-nada	17	1	83842	4	131072	3584463307	3584611536	1	32	531840
medir	4	1	E-nada	17	2	45396	4	131072	3577902719	3577387159	1	32	531840
medir	4	1	E-nada	17	3	95768	4	131072	3587662312	3587424108	1	32	531840
medir	4	1	E-nada	17	4	15019	4	131072	3586014793	3585316382	1	32	531840
medir	4	1	E-nada	17	5	119400	4	131072	3574988612	3575531337	1	32	531840
medir	4	1	E-nada	17	6	106303	4	131072	3585381955	3584314918	1	32	531840
medir	4	1	E-nada	17	7	57663	4	131072	4380364271	4372306626	1	32	531840
medir	4	1	E-nada	17	8	64697	4	131072	3702139477	3702407902	1	32	531840
medir	4	1	E-nada	17	9	28774	4	131072	3622019919	3621526679	1	32	531840
