d,G,lo,hi
0,1.0,1.0,1.0
1,1.0,1.0,1.0
2,1.0,1.0,1.0
3,1.0,1.0,1.0
4,1.0,1.0,1.0
5,1.0,1.0,1.0
6,1.0,1.0,1.0
7,1.0,1.0,1.0
8,1.0,1.0,1.0
9,1.0,1.0,1.0
10,1.0,1.0,1.0
11,1.0,1.0,1.0
12,1.0,1.0,1.0
13,1.0,1.0,1.0
14,1.0,1.0,1.0
15,1.0,1.0,1.0
16,1.0,1.0,1.0
17,1.0,1.0,1.0
18,1.0,1.0,1.0
19,1.0,1.0,1.0
20,1.0,1.0,1.0
21,1.0,1.0,1.0
22,1.0,1.0,1.0
23,1.0,1.0,1.0
24,1.0,1.0,1.0
25,1.0,1.0,1.0
26,1.0,1.0,1.0
27,1.0,1.0,1.0
28,1.0,1.0,1.0
29,1.0,1.0,1.0
30,1.0,1.0,1.0
31,1.0,1.0,1.0
32,1.0,1.0,1.0
33,1.0,1.0,1.0
34,1.0,1.0,1.0
35,1.0,1.0,1.0
36,1.0,1.0,1.0
37,1.0,1.0,1.0
38,1.0,1.0,1.0
39,1.0,1.0,1.0
40,1.0,1.0,1.0
41,1.0,1.0,1.0
42,1.0,1.0,1.0
43,1.0,1.0,1.0
44,1.0,1.0,1.0
45,1.0,1.0,1.0
46,1.0,1.0,1.0
47,1.0,1.0,1.0
48,1.0,1.0,1.0
49,1.0,1.0,1.0
50,1.0,1.0,1.0
51,1.0,1.0,1.0
52,1.0,1.0,1.0
53,1.0,1.0,1.0
54,1.0,1.0,1.0
55,1.0,1.0,1.0
56,1.0,1.0,1.0
57,1.0,1.0,1.0
58,1.0,1.0,1.0
59,1.0,1.0,1.0
60,1.0,1.0,1.0
61,1.0,1.0,1.0
62,1.0,1.0,1.0
63,1.0,1.0,1.0
64,1.0,1.0,1.0
65,1.0,1.0,1.0
66,1.0,1.0,1.0
67,1.0,1.0,1.0
68,1.0,1.0,1.0
69,1.0,1.0,1.0
70,1.0,1.0,1.0
71,1.0,1.0,1.0
72,1.0,1.0,1.0
73,1.0,1.0,1.0
74,1.0,1.0,1.0
75,1.0,1.0,1.0
76,1.0,1.0,1.0
77,1.0,1.0,1.0
78,1.0,1.0,1.0
79,1.0,1.0,1.0
80,1.0,1.0,1.0
81,1.0,1.0,1.0
82,1.0,1.0,1.0
83,1.0,1.0,1.0
84,1.0,1.0,1.0
85,1.0,1.0,1.0
86,1.0,1.0,1.0
87,1.0,1.0,1.0
88,1.0,1.0,1.0
89,1.0,1.0,1.0
90,1.0,1.0,1.0
91,1.0,1.0,1.0
92,1.0,1.0,1.0
93,1.0,1.0,1.0
94,1.0,1.0,1.0
95,1.0,1.0,1.0
96,1.0,1.0,1.0
97,1.0,1.0,1.0
98,1.0,1.0,1.0
99,1.0,1.0,1.0
100,1.0,1.0,1.0
101,1.0,1.0,1.0
102,1.0,1.0,1.0
103,1.0,1.0,1.0
104,1.0,1.0,1.0
105,1.0,1.0,1.0
106,1.0,1.0,1.0
107,1.0,1.0,1.0
108,1.0,1.0,1.0
109,1.0,1.0,1.0
110,1.0,1.0,1.0
111,1.0,1.0,1.0
112,1.0,1.0,1.0
113,1.0,1.0,1.0
114,1.0,1.0,1.0
115,1.0,1.0,1.0
116,1.0,1.0,1.0
117,1.0,1.0,1.0
118,1.0,1.0,1.0
119,1.0,1.0,1.0
120,1.0,1.0,1.0
121,1.0,1.0,1.0
122,1.0,1.0,1.0
123,1.0,1.0,1.0
124,1.0,1.0,1.0
125,1.0,1.0,1.0
126,1.0,1.0,1.0
127,1.0,1.0,1.0
128,1.0,1.0,1.0
129,1.0,1.0,1.0
130,1.0,1.0,1.0
131,1.0,1.0,1.0
132,1.0,1.0,1.0
133,1.0,1.0,1.0
134,1.0,1.0,1.0
135,1.0,1.0,1.0
136,1.0,1.0,1.0
137,1.0,1.0,1.0
138,1.0,1.0,1.0
139,1.0,1.0,1.0
140,1.0,1.0,1.0
141,1.0,1.0,1.0
142,1.0,1.0,1.0
143,1.0,1.0,1.0
144,1.0,1.0,1.0
145,1.0,1.0,1.0
146,1.0,1.0,1.0
147,1.0,1.0,1.0
148,1.0,1.0,1.0
149,1.0,1.0,1.0
150,1.0,1.0,1.0
151,1.0,1.0,1.0
152,1.0,1.0,1.0
153,1.0,1.0,1.0
154,1.0,1.0,1.0
155,1.0,1.0,1.0
156,1.0,1.0,1.0
157,1.0,1.0,1.0
158,1.0,1.0,1.0
159,1.0,1.0,1.0
160,1.0,1.0,1.0
161,1.0,1.0,1.0
162,1.0,1.0,1.0
163,1.0,1.0,1.0
164,1.0,1.0,1.0
165,1.0,1.0,1.0
166,1.0,1.0,1.0
167,1.0,1.0,1.0
168,1.0,1.0,1.0
169,1.0,1.0,1.0
170,1.0,1.0,1.0
171,1.0,1.0,1.0
172,1.0,1.0,1.0
173,1.0,1.0,1.0
174,1.0,1.0,1.0
175,1.0,1.0,1.0
176,1.0,1.0,1.0
177,1.0,1.0,1.0
178,1.0,1.0,1.0
179,1.0,1.0,1.0
180,1.0,1.0,1.0
181,0.9995,1.0,1.0
182,0.999,1.0,1.0
183,0.999,1.0,1.0
184,0.9985,1.0,1.0
185,0.998,1.0,1.0
186,0.998,1.0,1.0
187,0.9975,1.0,1.0
188,0.997,1.0,1.0
189,0.997,1.0,1.0
190,0.9965,1.0,1.0
191,0.9965,1.0,1.0
192,0.9965,1.0,1.0
193,0.9965,1.0,1.0
194,0.996,1.0,1.0
195,0.996,1.0,1.0
196,0.9955,1.0,1.0
197,0.995,1.0,1.0
198,0.995,1.0,1.0
199,0.995,1.0,1.0
200,0.995,1.0,1.0
201,0.995,1.0,1.0
202,0.995,1.0,1.0
203,0.9935,1.0,1.0
204,0.9935,1.0,1.0
205,0.993,1.0,1.0
206,0.993,1.0,1.0
207,0.992,1.0,1.0
208,0.991,1.0,1.0
209,0.9905,1.0,1.0
210,0.99,1.0,1.0
211,0.99,1.0,1.0
212,0.9895,1.0,1.0
213,0.989,1.0,1.0
214,0.9885,1.0,1.0
215,0.9885,1.0,1.0
216,0.987,1.0,1.0
217,0.986,1.0,1.0
218,0.985,1.0,1.0
219,0.9845,1.0,1.0
220,0.9845,1.0,1.0
221,0.984,1.0,1.0
222,0.983,1.0,1.0
223,0.9825,1.0,1.0
224,0.9815,1.0,1.0
225,0.981,1.0,1.0
226,0.98,1.0,1.0
227,0.979,1.0,1.0
228,0.9775,1.0,1.0
229,0.9765,1.0,1.0
230,0.975,0.0,1.0
231,0.9735,0.0,1.0
232,0.9735,0.0,1.0
233,0.9725,0.0,1.0
234,0.972,0.0,1.0
235,0.9715,0.0,1.0
236,0.971,0.0,1.0
237,0.97,0.0,1.0
238,0.9695,0.0,1.0
239,0.969,0.0,1.0
240,0.968,0.0,1.0
241,0.9675,0.0,1.0
242,0.9665,0.0,1.0
243,0.965,0.0,1.0
244,0.964,0.0,1.0
245,0.9635,0.0,1.0
246,0.9605,0.0,1.0
247,0.96,0.0,1.0
248,0.9595,0.0,1.0
249,0.957,0.0,1.0
250,0.9545,0.0,1.0
251,0.953,0.0,1.0
252,0.9515,0.0,1.0
253,0.951,0.0,1.0
254,0.95,0.0,1.0
255,0.9485,0.0,1.0
256,0.9475,0.0,1.0
257,0.9445,0.0,1.0
258,0.942,0.0,1.0
259,0.9375,0.0,1.0
260,0.9355,0.0,1.0
261,0.934,0.0,1.0
262,0.931,0.0,1.0
263,0.9295,0.0,1.0
264,0.9275,0.0,1.0
265,0.9265,0.0,1.0
266,0.925,0.0,1.0
267,0.923,0.0,1.0
268,0.921,0.0,1.0
269,0.9185,0.0,1.0
270,0.9165,0.0,1.0
271,0.9135,0.0,1.0
272,0.9115,0.0,1.0
273,0.9085,0.0,1.0
274,0.905,0.0,1.0
275,0.9025,0.0,1.0
276,0.901,0.0,1.0
277,0.898,0.0,1.0
278,0.8955,0.0,1.0
279,0.8945,0.0,1.0
280,0.8915,0.0,1.0
281,0.89,0.0,1.0
282,0.8875,0.0,1.0
283,0.886,0.0,1.0
284,0.884,0.0,1.0
285,0.8825,0.0,1.0
286,0.88,0.0,1.0
287,0.878,0.0,1.0
288,0.8745,0.0,1.0
289,0.873,0.0,1.0
290,0.8705,0.0,1.0
291,0.867,0.0,1.0
292,0.864,0.0,1.0
293,0.8605,0.0,1.0
294,0.857,0.0,1.0
295,0.853,0.0,1.0
296,0.8495,0.0,1.0
297,0.8425,0.0,1.0
298,0.841,0.0,1.0
299,0.839,0.0,1.0
300,0.836,0.0,1.0
301,0.8325,0.0,1.0
302,0.826,0.0,1.0
303,0.824,0.0,1.0
304,0.8225,0.0,1.0
305,0.82,0.0,1.0
306,0.8155,0.0,1.0
307,0.8115,0.0,1.0
308,0.8075,0.0,1.0
309,0.8035,0.0,1.0
310,0.8005,0.0,1.0
311,0.798,0.0,1.0
312,0.796,0.0,1.0
313,0.7925,0.0,1.0
314,0.791,0.0,1.0
315,0.7875,0.0,1.0
316,0.7835,0.0,1.0
317,0.781,0.0,1.0
318,0.7795,0.0,1.0
319,0.777,0.0,1.0
320,0.7755,0.0,1.0
321,0.772,0.0,1.0
322,0.769,0.0,1.0
323,0.7635,0.0,1.0
324,0.7615,0.0,1.0
325,0.7585,0.0,1.0
326,0.7555,0.0,1.0
327,0.7505,0.0,1.0
328,0.7475,0.0,1.0
329,0.7425,0.0,1.0
330,0.739,0.0,1.0
331,0.737,0.0,1.0
332,0.7325,0.0,1.0
333,0.7295,0.0,1.0
334,0.7255,0.0,1.0
335,0.723,0.0,1.0
336,0.721,0.0,1.0
337,0.718,0.0,1.0
338,0.7135,0.0,1.0
339,0.711,0.0,1.0
340,0.7105,0.0,1.0
341,0.7085,0.0,1.0
342,0.7065,0.0,1.0
343,0.703,0.0,1.0
344,0.6995,0.0,1.0
345,0.6965,0.0,1.0
346,0.6925,0.0,1.0
347,0.6905,0.0,1.0
348,0.6875,0.0,1.0
349,0.6855,0.0,1.0
350,0.6835,0.0,1.0
351,0.681,0.0,1.0
352,0.6765,0.0,1.0
353,0.6755,0.0,1.0
354,0.6735,0.0,1.0
355,0.6695,0.0,1.0
356,0.665,0.0,1.0
357,0.6625,0.0,1.0
358,0.6565,0.0,1.0
359,0.6535,0.0,1.0
360,0.6475,0.0,1.0
361,0.6445,0.0,1.0
362,0.641,0.0,1.0
363,0.6385,0.0,1.0
364,0.6375,0.0,1.0
365,0.635,0.0,1.0
366,0.632,0.0,1.0
367,0.63,0.0,1.0
368,0.626,0.0,1.0
369,0.623,0.0,1.0
370,0.619,0.0,1.0
371,0.6175,0.0,1.0
372,0.615,0.0,1.0
373,0.6115,0.0,1.0
374,0.6085,0.0,1.0
375,0.6045,0.0,1.0
376,0.6015,0.0,1.0
377,0.599,0.0,1.0
378,0.596,0.0,1.0
379,0.5935,0.0,1.0
380,0.5905,0.0,1.0
381,0.587,0.0,1.0
382,0.5845,0.0,1.0
383,0.582,0.0,1.0
384,0.579,0.0,1.0
385,0.576,0.0,1.0
386,0.5715,0.0,1.0
387,0.57,0.0,1.0
388,0.5685,0.0,1.0
389,0.5645,0.0,1.0
390,0.562,0.0,1.0
391,0.56,0.0,1.0
392,0.5565,0.0,1.0
393,0.549,0.0,1.0
394,0.5455,0.0,1.0
395,0.544,0.0,1.0
396,0.541,0.0,1.0
397,0.5375,0.0,1.0
398,0.535,0.0,1.0
399,0.5315,0.0,1.0
400,0.5275,0.0,1.0
401,0.524,0.0,1.0
402,0.5225,0.0,1.0
403,0.52,0.0,1.0
404,0.513,0.0,1.0
405,0.5085,0.0,1.0
406,0.5055,0.0,1.0
407,0.5015,0.0,1.0
408,0.4995,0.0,1.0
409,0.4965,0.0,1.0
410,0.494,0.0,1.0
411,0.492,0.0,1.0
412,0.49,0.0,1.0
413,0.486,0.0,1.0
414,0.4835,0.0,1.0
415,0.4805,0.0,1.0
416,0.48,0.0,1.0
417,0.477,0.0,1.0
418,0.4725,0.0,1.0
419,0.469,0.0,1.0
420,0.4645,0.0,1.0
421,0.4625,0.0,1.0
422,0.4595,0.0,1.0
423,0.457,0.0,1.0
424,0.453,0.0,1.0
425,0.449,0.0,1.0
426,0.4445,0.0,1.0
427,0.443,0.0,1.0
428,0.4415,0.0,1.0
429,0.44,0.0,1.0
430,0.4365,0.0,1.0
431,0.4355,0.0,1.0
432,0.434,0.0,1.0
433,0.433,0.0,1.0
434,0.43,0.0,1.0
435,0.4265,0.0,1.0
436,0.422,0.0,1.0
437,0.42,0.0,1.0
438,0.418,0.0,1.0
439,0.412,0.0,1.0
440,0.4075,0.0,1.0
441,0.406,0.0,1.0
442,0.4045,0.0,1.0
443,0.403,0.0,1.0
444,0.4005,0.0,1.0
445,0.3975,0.0,1.0
446,0.395,0.0,1.0
447,0.3915,0.0,1.0
448,0.3885,0.0,1.0
449,0.3855,0.0,1.0
450,0.3835,0.0,1.0
451,0.381,0.0,1.0
452,0.38,0.0,1.0
453,0.3785,0.0,1.0
454,0.376,0.0,1.0
455,0.3725,0.0,1.0
456,0.372,0.0,1.0
457,0.3705,0.0,1.0
458,0.3685,0.0,1.0
459,0.365,0.0,1.0
460,0.3635,0.0,1.0
461,0.3605,0.0,1.0
462,0.3555,0.0,1.0
463,0.354,0.0,1.0
464,0.353,0.0,1.0
465,0.351,0.0,1.0
466,0.3485,0.0,1.0
467,0.3465,0.0,1.0
468,0.3435,0.0,1.0
469,0.341,0.0,1.0
470,0.337,0.0,1.0
471,0.3345,0.0,1.0
472,0.333,0.0,1.0
473,0.3295,0.0,1.0
474,0.327,0.0,1.0
475,0.323,0.0,1.0
476,0.321,0.0,1.0
477,0.3195,0.0,1.0
478,0.3165,0.0,1.0
479,0.313,0.0,1.0
480,0.312,0.0,1.0
481,0.3095,0.0,1.0
482,0.3065,0.0,1.0
483,0.304,0.0,1.0
484,0.2995,0.0,1.0
485,0.298,0.0,1.0
486,0.297,0.0,1.0
487,0.295,0.0,1.0
488,0.2915,0.0,1.0
489,0.291,0.0,1.0
490,0.289,0.0,1.0
491,0.2875,0.0,1.0
492,0.285,0.0,1.0
493,0.284,0.0,1.0
494,0.283,0.0,1.0
495,0.2815,0.0,1.0
496,0.2775,0.0,1.0
497,0.2765,0.0,1.0
498,0.275,0.0,1.0
499,0.2725,0.0,1.0
500,0.2715,0.0,1.0
501,0.269,0.0,1.0
502,0.2665,0.0,1.0
503,0.2645,0.0,1.0
504,0.2615,0.0,1.0
505,0.2595,0.0,1.0
506,0.2575,0.0,1.0
507,0.2565,0.0,1.0
508,0.254,0.0,1.0
509,0.2535,0.0,1.0
510,0.251,0.0,1.0
511,0.2495,0.0,1.0
512,0.246,0.0,1.0
513,0.245,0.0,1.0
514,0.244,0.0,1.0
515,0.2425,0.0,1.0
516,0.24,0.0,1.0
517,0.239,0.0,1.0
518,0.236,0.0,1.0
519,0.2335,0.0,1.0
520,0.231,0.0,1.0
521,0.23,0.0,1.0
522,0.227,0.0,1.0
523,0.225,0.0,1.0
524,0.224,0.0,1.0
525,0.2225,0.0,1.0
526,0.2215,0.0,1.0
527,0.2195,0.0,1.0
528,0.2175,0.0,1.0
529,0.216,0.0,1.0
530,0.2155,0.0,1.0
531,0.2135,0.0,1.0
532,0.212,0.0,1.0
533,0.21,0.0,1.0
534,0.2085,0.0,1.0
535,0.208,0.0,1.0
536,0.207,0.0,1.0
537,0.2065,0.0,1.0
538,0.205,0.0,1.0
539,0.2045,0.0,1.0
540,0.204,0.0,1.0
541,0.204,0.0,1.0
542,0.203,0.0,1.0
543,0.201,0.0,1.0
544,0.2005,0.0,1.0
545,0.199,0.0,1.0
546,0.197,0.0,1.0
547,0.196,0.0,1.0
548,0.1925,0.0,1.0
549,0.192,0.0,1.0
550,0.192,0.0,1.0
551,0.1915,0.0,1.0
552,0.19,0.0,1.0
553,0.186,0.0,1.0
554,0.1855,0.0,1.0
555,0.185,0.0,1.0
556,0.1835,0.0,1.0
557,0.182,0.0,1.0
558,0.1815,0.0,1.0
559,0.181,0.0,1.0
560,0.18,0.0,1.0
561,0.178,0.0,1.0
562,0.178,0.0,1.0
563,0.1765,0.0,1.0
564,0.176,0.0,1.0
565,0.175,0.0,1.0
566,0.1735,0.0,1.0
567,0.172,0.0,1.0
568,0.1705,0.0,1.0
569,0.1705,0.0,1.0
570,0.169,0.0,1.0
571,0.168,0.0,1.0
572,0.1675,0.0,1.0
573,0.1665,0.0,1.0
574,0.1655,0.0,1.0
575,0.1635,0.0,1.0
576,0.163,0.0,1.0
577,0.1615,0.0,1.0
578,0.161,0.0,1.0
579,0.1605,0.0,1.0
580,0.1595,0.0,1.0
581,0.1585,0.0,1.0
582,0.155,0.0,1.0
583,0.155,0.0,1.0
584,0.153,0.0,1.0
585,0.1515,0.0,1.0
586,0.1515,0.0,1.0
587,0.1505,0.0,1.0
588,0.149,0.0,1.0
589,0.1475,0.0,1.0
590,0.1475,0.0,1.0
591,0.146,0.0,1.0
592,0.146,0.0,1.0
593,0.1455,0.0,1.0
594,0.1445,0.0,1.0
595,0.1425,0.0,1.0
596,0.142,0.0,1.0
597,0.1405,0.0,1.0
598,0.1395,0.0,1.0
599,0.0,0.0,0.0
