denominador,denom_tib,Tv,eps,B_emp_punto,B_emp_ic_lo,B_emp_ic_hi,alpha_atacante,umbral,margen_punto,grieta
pool,590182.09,3600,0.0010,9.8952511e-06,7.3875505e-06,1.2674055e-05,0.20,0.6000,-0.5999901,NO
pool,590182.09,3600,0.0010,9.8952511e-06,7.3875505e-06,1.2674055e-05,0.25,0.5000,-0.4999901,NO
pool,590182.09,3600,0.0010,9.8952511e-06,7.3875505e-06,1.2674055e-05,0.33,0.3400,-0.3399901,NO
pool,590182.09,3600,0.0010,9.8952511e-06,7.3875505e-06,1.2674055e-05,0.40,0.2000,-0.1999901,NO
pool,590182.09,3600,0.0100,0.00017786036,0.00014922047,0.00020842974,0.20,0.6000,-0.59982214,NO
pool,590182.09,3600,0.0100,0.00017786036,0.00014922047,0.00020842974,0.25,0.5000,-0.49982214,NO
pool,590182.09,3600,0.0100,0.00017786036,0.00014922047,0.00020842974,0.33,0.3400,-0.33982214,NO
pool,590182.09,3600,0.0100,0.00017786036,0.00014922047,0.00020842974,0.40,0.2000,-0.19982214,NO
pool,590182.09,3600,0.1000,0.0061149941,0.0055093598,0.0067233419,0.20,0.6000,-0.59388501,NO
pool,590182.09,3600,0.1000,0.0061149941,0.0055093598,0.0067233419,0.25,0.5000,-0.49388501,NO
pool,590182.09,3600,0.1000,0.0061149941,0.0055093598,0.0067233419,0.33,0.3400,-0.33388501,NO
pool,590182.09,3600,0.1000,0.0061149941,0.0055093598,0.0067233419,0.40,0.2000,-0.19388501,NO
pool,590182.09,100000,0.0010,0,0,0,0.20,0.6000,-0.6,NO
pool,590182.09,100000,0.0010,0,0,0,0.25,0.5000,-0.5,NO
pool,590182.09,100000,0.0010,0,0,0,0.33,0.3400,-0.34,NO
pool,590182.09,100000,0.0010,0,0,0,0.40,0.2000,-0.2,NO
pool,590182.09,100000,0.0100,5.7609339e-07,2.5415885e-07,9.6580362e-07,0.20,0.6000,-0.59999942,NO
pool,590182.09,100000,0.0100,5.7609339e-07,2.5415885e-07,9.6580362e-07,0.25,0.5000,-0.49999942,NO
pool,590182.09,100000,0.0100,5.7609339e-07,2.5415885e-07,9.6580362e-07,0.33,0.3400,-0.33999942,NO
pool,590182.09,100000,0.0100,5.7609339e-07,2.5415885e-07,9.6580362e-07,0.40,0.2000,-0.19999942,NO
pool,590182.09,100000,0.1000,5.7202685e-05,4.6527589e-05,6.8436929e-05,0.20,0.6000,-0.5999428,NO
pool,590182.09,100000,0.1000,5.7202685e-05,4.6527589e-05,6.8436929e-05,0.25,0.5000,-0.4999428,NO
pool,590182.09,100000,0.1000,5.7202685e-05,4.6527589e-05,6.8436929e-05,0.33,0.3400,-0.3399428,NO
pool,590182.09,100000,0.1000,5.7202685e-05,4.6527589e-05,6.8436929e-05,0.40,0.2000,-0.1999428,NO
red_1_EiB_(piso_especulativo),1048576.00,3600,0.0010,1.2779236e-05,1.0051727e-05,1.5621424e-05,0.20,0.6000,-0.59998722,NO
red_1_EiB_(piso_especulativo),1048576.00,3600,0.0010,1.2779236e-05,1.0051727e-05,1.5621424e-05,0.25,0.5000,-0.49998722,NO
red_1_EiB_(piso_especulativo),1048576.00,3600,0.0010,1.2779236e-05,1.0051727e-05,1.5621424e-05,0.33,0.3400,-0.33998722,NO
red_1_EiB_(piso_especulativo),1048576.00,3600,0.0010,1.2779236e-05,1.0051727e-05,1.5621424e-05,0.40,0.2000,-0.19998722,NO
red_1_EiB_(piso_especulativo),1048576.00,3600,0.0100,0.00021682739,0.00018352389,0.00025244904,0.20,0.6000,-0.59978317,NO
red_1_EiB_(piso_especulativo),1048576.00,3600,0.0100,0.00021682739,0.00018352389,0.00025244904,0.25,0.5000,-0.49978317,NO
red_1_EiB_(piso_especulativo),1048576.00,3600,0.0100,0.00021682739,0.00018352389,0.00025244904,0.33,0.3400,-0.33978317,NO
red_1_EiB_(piso_especulativo),1048576.00,3600,0.0100,0.00021682739,0.00018352389,0.00025244904,0.40,0.2000,-0.19978317,NO
red_1_EiB_(piso_especulativo),1048576.00,3600,0.1000,0.0086276531,0.0079558606,0.0092847385,0.20,0.6000,-0.59137235,NO
red_1_EiB_(piso_especulativo),1048576.00,3600,0.1000,0.0086276531,0.0079558606,0.0092847385,0.25,0.5000,-0.49137235,NO
red_1_EiB_(piso_especulativo),1048576.00,3600,0.1000,0.0086276531,0.0079558606,0.0092847385,0.33,0.3400,-0.33137235,NO
red_1_EiB_(piso_especulativo),1048576.00,3600,0.1000,0.0086276531,0.0079558606,0.0092847385,0.40,0.2000,-0.19137235,NO
red_1_EiB_(piso_especulativo),1048576.00,100000,0.0010,2.8610229e-08,0,6.6757202e-08,0.20,0.6000,-0.59999997,NO
red_1_EiB_(piso_especulativo),1048576.00,100000,0.0010,2.8610229e-08,0,6.6757202e-08,0.25,0.5000,-0.49999997,NO
red_1_EiB_(piso_especulativo),1048576.00,100000,0.0010,2.8610229e-08,0,6.6757202e-08,0.33,0.3400,-0.33999997,NO
red_1_EiB_(piso_especulativo),1048576.00,100000,0.0010,2.8610229e-08,0,6.6757202e-08,0.40,0.2000,-0.19999997,NO
red_1_EiB_(piso_especulativo),1048576.00,100000,0.0100,2.3841858e-06,1.6403198e-06,3.2236576e-06,0.20,0.6000,-0.59999762,NO
red_1_EiB_(piso_especulativo),1048576.00,100000,0.0100,2.3841858e-06,1.6403198e-06,3.2236576e-06,0.25,0.5000,-0.49999762,NO
red_1_EiB_(piso_especulativo),1048576.00,100000,0.0100,2.3841858e-06,1.6403198e-06,3.2236576e-06,0.33,0.3400,-0.33999762,NO
red_1_EiB_(piso_especulativo),1048576.00,100000,0.0100,2.3841858e-06,1.6403198e-06,3.2236576e-06,0.40,0.2000,-0.19999762,NO
red_1_EiB_(piso_especulativo),1048576.00,100000,0.1000,7.4300766e-05,6.1683416e-05,8.7080479e-05,0.20,0.6000,-0.5999257,NO
red_1_EiB_(piso_especulativo),1048576.00,100000,0.1000,7.4300766e-05,6.1683416e-05,8.7080479e-05,0.25,0.5000,-0.4999257,NO
red_1_EiB_(piso_especulativo),1048576.00,100000,0.1000,7.4300766e-05,6.1683416e-05,8.7080479e-05,0.33,0.3400,-0.3399257,NO
red_1_EiB_(piso_especulativo),1048576.00,100000,0.1000,7.4300766e-05,6.1683416e-05,8.7080479e-05,0.40,0.2000,-0.1999257,NO
red_3_EiB_(XCH.today_ago-2026_bruto),3145728.00,3600,0.0010,1.7315547e-05,1.4222383e-05,2.064085e-05,0.20,0.6000,-0.59998268,NO
red_3_EiB_(XCH.today_ago-2026_bruto),3145728.00,3600,0.0010,1.7315547e-05,1.4222383e-05,2.064085e-05,0.25,0.5000,-0.49998268,NO
red_3_EiB_(XCH.today_ago-2026_bruto),3145728.00,3600,0.0010,1.7315547e-05,1.4222383e-05,2.064085e-05,0.33,0.3400,-0.33998268,NO
red_3_EiB_(XCH.today_ago-2026_bruto),3145728.00,3600,0.0010,1.7315547e-05,1.4222383e-05,2.064085e-05,0.40,0.2000,-0.19998268,NO
red_3_EiB_(XCH.today_ago-2026_bruto),3145728.00,3600,0.0100,0.00039538701,0.00034824252,0.00044712106,0.20,0.6000,-0.59960461,NO
red_3_EiB_(XCH.today_ago-2026_bruto),3145728.00,3600,0.0100,0.00039538701,0.00034824252,0.00044712106,0.25,0.5000,-0.49960461,NO
red_3_EiB_(XCH.today_ago-2026_bruto),3145728.00,3600,0.0100,0.00039538701,0.00034824252,0.00044712106,0.33,0.3400,-0.33960461,NO
red_3_EiB_(XCH.today_ago-2026_bruto),3145728.00,3600,0.0100,0.00039538701,0.00034824252,0.00044712106,0.40,0.2000,-0.19960461,NO
red_3_EiB_(XCH.today_ago-2026_bruto),3145728.00,3600,0.1000,0.013698978,0.012967247,0.014448319,0.20,0.6000,-0.58630102,NO
red_3_EiB_(XCH.today_ago-2026_bruto),3145728.00,3600,0.1000,0.013698978,0.012967247,0.014448319,0.25,0.5000,-0.48630102,NO
red_3_EiB_(XCH.today_ago-2026_bruto),3145728.00,3600,0.1000,0.013698978,0.012967247,0.014448319,0.33,0.3400,-0.32630102,NO
red_3_EiB_(XCH.today_ago-2026_bruto),3145728.00,3600,0.1000,0.013698978,0.012967247,0.014448319,0.40,0.2000,-0.18630102,NO
red_3_EiB_(XCH.today_ago-2026_bruto),3145728.00,100000,0.0010,4.7683716e-08,1.5894572e-08,8.9009603e-08,0.20,0.6000,-0.59999995,NO
red_3_EiB_(XCH.today_ago-2026_bruto),3145728.00,100000,0.0010,4.7683716e-08,1.5894572e-08,8.9009603e-08,0.25,0.5000,-0.49999995,NO
red_3_EiB_(XCH.today_ago-2026_bruto),3145728.00,100000,0.0010,4.7683716e-08,1.5894572e-08,8.9009603e-08,0.33,0.3400,-0.33999995,NO
red_3_EiB_(XCH.today_ago-2026_bruto),3145728.00,100000,0.0010,4.7683716e-08,1.5894572e-08,8.9009603e-08,0.40,0.2000,-0.19999995,NO
red_3_EiB_(XCH.today_ago-2026_bruto),3145728.00,100000,0.0100,4.6443939e-06,3.6620299e-06,5.6743622e-06,0.20,0.6000,-0.59999536,NO
red_3_EiB_(XCH.today_ago-2026_bruto),3145728.00,100000,0.0100,4.6443939e-06,3.6620299e-06,5.6743622e-06,0.25,0.5000,-0.49999536,NO
red_3_EiB_(XCH.today_ago-2026_bruto),3145728.00,100000,0.0100,4.6443939e-06,3.6620299e-06,5.6743622e-06,0.33,0.3400,-0.33999536,NO
red_3_EiB_(XCH.today_ago-2026_bruto),3145728.00,100000,0.0100,4.6443939e-06,3.6620299e-06,5.6743622e-06,0.40,0.2000,-0.19999536,NO
red_3_EiB_(XCH.today_ago-2026_bruto),3145728.00,100000,0.1000,7.9037348e-05,6.71827e-05,9.1623068e-05,0.20,0.6000,-0.59992096,NO
red_3_EiB_(XCH.today_ago-2026_bruto),3145728.00,100000,0.1000,7.9037348e-05,6.71827e-05,9.1623068e-05,0.25,0.5000,-0.49992096,NO
red_3_EiB_(XCH.today_ago-2026_bruto),3145728.00,100000,0.1000,7.9037348e-05,6.71827e-05,9.1623068e-05,0.33,0.3400,-0.33992096,NO
red_3_EiB_(XCH.today_ago-2026_bruto),3145728.00,100000,0.1000,7.9037348e-05,6.71827e-05,9.1623068e-05,0.40,0.2000,-0.19992096,NO
red_4_EiB_(XCH.today_ago-2026_efectivo),4194304.00,3600,0.0010,2.1214485e-05,1.7738283e-05,2.4831355e-05,0.20,0.6000,-0.59997879,NO
red_4_EiB_(XCH.today_ago-2026_efectivo),4194304.00,3600,0.0010,2.1214485e-05,1.7738283e-05,2.4831355e-05,0.25,0.5000,-0.49997879,NO
red_4_EiB_(XCH.today_ago-2026_efectivo),4194304.00,3600,0.0010,2.1214485e-05,1.7738283e-05,2.4831355e-05,0.33,0.3400,-0.33997879,NO
red_4_EiB_(XCH.today_ago-2026_efectivo),4194304.00,3600,0.0010,2.1214485e-05,1.7738283e-05,2.4831355e-05,0.40,0.2000,-0.19997879,NO
red_4_EiB_(XCH.today_ago-2026_efectivo),4194304.00,3600,0.0100,0.00050998688,0.00045721745,0.0005662449,0.20,0.6000,-0.59949001,NO
red_4_EiB_(XCH.today_ago-2026_efectivo),4194304.00,3600,0.0100,0.00050998688,0.00045721745,0.0005662449,0.25,0.5000,-0.49949001,NO
red_4_EiB_(XCH.today_ago-2026_efectivo),4194304.00,3600,0.0100,0.00050998688,0.00045721745,0.0005662449,0.33,0.3400,-0.33949001,NO
red_4_EiB_(XCH.today_ago-2026_efectivo),4194304.00,3600,0.0100,0.00050998688,0.00045721745,0.0005662449,0.40,0.2000,-0.19949001,NO
red_4_EiB_(XCH.today_ago-2026_efectivo),4194304.00,3600,0.1000,0.014375162,0.013642645,0.01512064,0.20,0.6000,-0.58562484,NO
red_4_EiB_(XCH.today_ago-2026_efectivo),4194304.00,3600,0.1000,0.014375162,0.013642645,0.01512064,0.25,0.5000,-0.48562484,NO
red_4_EiB_(XCH.today_ago-2026_efectivo),4194304.00,3600,0.1000,0.014375162,0.013642645,0.01512064,0.33,0.3400,-0.32562484,NO
red_4_EiB_(XCH.today_ago-2026_efectivo),4194304.00,3600,0.1000,0.014375162,0.013642645,0.01512064,0.40,0.2000,-0.18562484,NO
red_4_EiB_(XCH.today_ago-2026_efectivo),4194304.00,100000,0.0010,4.529953e-08,1.6689301e-08,8.1062317e-08,0.20,0.6000,-0.59999995,NO
red_4_EiB_(XCH.today_ago-2026_efectivo),4194304.00,100000,0.0010,4.529953e-08,1.6689301e-08,8.1062317e-08,0.25,0.5000,-0.49999995,NO
red_4_EiB_(XCH.today_ago-2026_efectivo),4194304.00,100000,0.0010,4.529953e-08,1.6689301e-08,8.1062317e-08,0.33,0.3400,-0.33999995,NO
red_4_EiB_(XCH.today_ago-2026_efectivo),4194304.00,100000,0.0010,4.529953e-08,1.6689301e-08,8.1062317e-08,0.40,0.2000,-0.19999995,NO
red_4_EiB_(XCH.today_ago-2026_efectivo),4194304.00,100000,0.0100,5.1927567e-06,4.165113e-06,6.2417984e-06,0.20,0.6000,-0.59999481,NO
red_4_EiB_(XCH.today_ago-2026_efectivo),4194304.00,100000,0.0100,5.1927567e-06,4.165113e-06,6.2417984e-06,0.25,0.5000,-0.49999481,NO
red_4_EiB_(XCH.today_ago-2026_efectivo),4194304.00,100000,0.0100,5.1927567e-06,4.165113e-06,6.2417984e-06,0.33,0.3400,-0.33999481,NO
red_4_EiB_(XCH.today_ago-2026_efectivo),4194304.00,100000,0.0100,5.1927567e-06,4.165113e-06,6.2417984e-06,0.40,0.2000,-0.19999481,NO
red_4_EiB_(XCH.today_ago-2026_efectivo),4194304.00,100000,0.1000,9.9203587e-05,8.5188985e-05,0.00011465013,0.20,0.6000,-0.5999008,NO
red_4_EiB_(XCH.today_ago-2026_efectivo),4194304.00,100000,0.1000,9.9203587e-05,8.5188985e-05,0.00011465013,0.25,0.5000,-0.4999008,NO
red_4_EiB_(XCH.today_ago-2026_efectivo),4194304.00,100000,0.1000,9.9203587e-05,8.5188985e-05,0.00011465013,0.33,0.3400,-0.3399008,NO
red_4_EiB_(XCH.today_ago-2026_efectivo),4194304.00,100000,0.1000,9.9203587e-05,8.5188985e-05,0.00011465013,0.40,0.2000,-0.1999008,NO
red_10_EiB_(escenario_intermedio),10485760.00,3600,0.0010,2.1682739e-05,1.8352389e-05,2.5244904e-05,0.20,0.6000,-0.59997832,NO
red_10_EiB_(escenario_intermedio),10485760.00,3600,0.0010,2.1682739e-05,1.8352389e-05,2.5244904e-05,0.25,0.5000,-0.49997832,NO
red_10_EiB_(escenario_intermedio),10485760.00,3600,0.0010,2.1682739e-05,1.8352389e-05,2.5244904e-05,0.33,0.3400,-0.33997832,NO
red_10_EiB_(escenario_intermedio),10485760.00,3600,0.0010,2.1682739e-05,1.8352389e-05,2.5244904e-05,0.40,0.2000,-0.19997832,NO
red_10_EiB_(escenario_intermedio),10485760.00,3600,0.0100,0.00086276531,0.00079558606,0.00092847385,0.20,0.6000,-0.59913723,NO
red_10_EiB_(escenario_intermedio),10485760.00,3600,0.0100,0.00086276531,0.00079558606,0.00092847385,0.25,0.5000,-0.49913723,NO
red_10_EiB_(escenario_intermedio),10485760.00,3600,0.0100,0.00086276531,0.00079558606,0.00092847385,0.33,0.3400,-0.33913723,NO
red_10_EiB_(escenario_intermedio),10485760.00,3600,0.0100,0.00086276531,0.00079558606,0.00092847385,0.40,0.2000,-0.19913723,NO
red_10_EiB_(escenario_intermedio),10485760.00,3600,0.1000,0.012780354,0.012155229,0.013401279,0.20,0.6000,-0.58721965,NO
red_10_EiB_(escenario_intermedio),10485760.00,3600,0.1000,0.012780354,0.012155229,0.013401279,0.25,0.5000,-0.48721965,NO
red_10_EiB_(escenario_intermedio),10485760.00,3600,0.1000,0.012780354,0.012155229,0.013401279,0.33,0.3400,-0.32721965,NO
red_10_EiB_(escenario_intermedio),10485760.00,3600,0.1000,0.012780354,0.012155229,0.013401279,0.40,0.2000,-0.18721965,NO
red_10_EiB_(escenario_intermedio),10485760.00,100000,0.0010,2.3841858e-07,1.6403198e-07,3.2236576e-07,0.20,0.6000,-0.59999976,NO
red_10_EiB_(escenario_intermedio),10485760.00,100000,0.0010,2.3841858e-07,1.6403198e-07,3.2236576e-07,0.25,0.5000,-0.49999976,NO
red_10_EiB_(escenario_intermedio),10485760.00,100000,0.0010,2.3841858e-07,1.6403198e-07,3.2236576e-07,0.33,0.3400,-0.33999976,NO
red_10_EiB_(escenario_intermedio),10485760.00,100000,0.0010,2.3841858e-07,1.6403198e-07,3.2236576e-07,0.40,0.2000,-0.19999976,NO
red_10_EiB_(escenario_intermedio),10485760.00,100000,0.0100,7.4300766e-06,6.1683416e-06,8.7080479e-06,0.20,0.6000,-0.59999257,NO
red_10_EiB_(escenario_intermedio),10485760.00,100000,0.0100,7.4300766e-06,6.1683416e-06,8.7080479e-06,0.25,0.5000,-0.49999257,NO
red_10_EiB_(escenario_intermedio),10485760.00,100000,0.0100,7.4300766e-06,6.1683416e-06,8.7080479e-06,0.33,0.3400,-0.33999257,NO
red_10_EiB_(escenario_intermedio),10485760.00,100000,0.0100,7.4300766e-06,6.1683416e-06,8.7080479e-06,0.40,0.2000,-0.19999257,NO
red_10_EiB_(escenario_intermedio),10485760.00,100000,0.1000,0.00016499233,0.00014675241,0.00018428714,0.20,0.6000,-0.59983501,NO
red_10_EiB_(escenario_intermedio),10485760.00,100000,0.1000,0.00016499233,0.00014675241,0.00018428714,0.25,0.5000,-0.49983501,NO
red_10_EiB_(escenario_intermedio),10485760.00,100000,0.1000,0.00016499233,0.00014675241,0.00018428714,0.33,0.3400,-0.33983501,NO
red_10_EiB_(escenario_intermedio),10485760.00,100000,0.1000,0.00016499233,0.00014675241,0.00018428714,0.40,0.2000,-0.19983501,NO
red_20_EiB_(escenario_intermedio-alto),20971520.00,3600,0.0010,3.2855034e-05,2.8469968e-05,3.7415969e-05,0.20,0.6000,-0.59996714,NO
red_20_EiB_(escenario_intermedio-alto),20971520.00,3600,0.0010,3.2855034e-05,2.8469968e-05,3.7415969e-05,0.25,0.5000,-0.49996714,NO
red_20_EiB_(escenario_intermedio-alto),20971520.00,3600,0.0010,3.2855034e-05,2.8469968e-05,3.7415969e-05,0.33,0.3400,-0.33996714,NO
red_20_EiB_(escenario_intermedio-alto),20971520.00,3600,0.0010,3.2855034e-05,2.8469968e-05,3.7415969e-05,0.40,0.2000,-0.19996714,NO
red_20_EiB_(escenario_intermedio-alto),20971520.00,3600,0.0100,0.0012329178,0.0011600722,0.0013098875,0.20,0.6000,-0.59876708,NO
red_20_EiB_(escenario_intermedio-alto),20971520.00,3600,0.0100,0.0012329178,0.0011600722,0.0013098875,0.25,0.5000,-0.49876708,NO
red_20_EiB_(escenario_intermedio-alto),20971520.00,3600,0.0100,0.0012329178,0.0011600722,0.0013098875,0.33,0.3400,-0.33876708,NO
red_20_EiB_(escenario_intermedio-alto),20971520.00,3600,0.0100,0.0012329178,0.0011600722,0.0013098875,0.40,0.2000,-0.19876708,NO
red_20_EiB_(escenario_intermedio-alto),20971520.00,3600,0.1000,0.0092918468,0.0087914569,0.0098083493,0.20,0.6000,-0.59070815,NO
red_20_EiB_(escenario_intermedio-alto),20971520.00,3600,0.1000,0.0092918468,0.0087914569,0.0098083493,0.25,0.5000,-0.49070815,NO
red_20_EiB_(escenario_intermedio-alto),20971520.00,3600,0.1000,0.0092918468,0.0087914569,0.0098083493,0.33,0.3400,-0.33070815,NO
red_20_EiB_(escenario_intermedio-alto),20971520.00,3600,0.1000,0.0092918468,0.0087914569,0.0098083493,0.40,0.2000,-0.19070815,NO
red_20_EiB_(escenario_intermedio-alto),20971520.00,100000,0.0010,4.2200089e-07,3.2423735e-07,5.2928925e-07,0.20,0.6000,-0.59999958,NO
red_20_EiB_(escenario_intermedio-alto),20971520.00,100000,0.0010,4.2200089e-07,3.2423735e-07,5.2928925e-07,0.25,0.5000,-0.49999958,NO
red_20_EiB_(escenario_intermedio-alto),20971520.00,100000,0.0010,4.2200089e-07,3.2423735e-07,5.2928925e-07,0.33,0.3400,-0.33999958,NO
red_20_EiB_(escenario_intermedio-alto),20971520.00,100000,0.0010,4.2200089e-07,3.2423735e-07,5.2928925e-07,0.40,0.2000,-0.19999958,NO
red_20_EiB_(escenario_intermedio-alto),20971520.00,100000,0.0100,6.9832802e-06,5.8817625e-06,8.1429958e-06,0.20,0.6000,-0.59999302,NO
red_20_EiB_(escenario_intermedio-alto),20971520.00,100000,0.0100,6.9832802e-06,5.8817625e-06,8.1429958e-06,0.25,0.5000,-0.49999302,NO
red_20_EiB_(escenario_intermedio-alto),20971520.00,100000,0.0100,6.9832802e-06,5.8817625e-06,8.1429958e-06,0.33,0.3400,-0.33999302,NO
red_20_EiB_(escenario_intermedio-alto),20971520.00,100000,0.0100,6.9832802e-06,5.8817625e-06,8.1429958e-06,0.40,0.2000,-0.19999302,NO
red_20_EiB_(escenario_intermedio-alto),20971520.00,100000,0.1000,0.00026844025,0.00024537504,0.00029270627,0.20,0.6000,-0.59973156,NO
red_20_EiB_(escenario_intermedio-alto),20971520.00,100000,0.1000,0.00026844025,0.00024537504,0.00029270627,0.25,0.5000,-0.49973156,NO
red_20_EiB_(escenario_intermedio-alto),20971520.00,100000,0.1000,0.00026844025,0.00024537504,0.00029270627,0.33,0.3400,-0.33973156,NO
red_20_EiB_(escenario_intermedio-alto),20971520.00,100000,0.1000,0.00026844025,0.00024537504,0.00029270627,0.40,0.2000,-0.19973156,NO
red_3673_EiB_(pico_histórico_ATH),38514196.48,3600,0.0010,4.6024068e-05,4.0932459e-05,5.1331819e-05,0.20,0.6000,-0.59995398,NO
red_3673_EiB_(pico_histórico_ATH),38514196.48,3600,0.0010,4.6024068e-05,4.0932459e-05,5.1331819e-05,0.25,0.5000,-0.49995398,NO
red_3673_EiB_(pico_histórico_ATH),38514196.48,3600,0.0010,4.6024068e-05,4.0932459e-05,5.1331819e-05,0.33,0.3400,-0.33995398,NO
red_3673_EiB_(pico_histórico_ATH),38514196.48,3600,0.0010,4.6024068e-05,4.0932459e-05,5.1331819e-05,0.40,0.2000,-0.19995398,NO
red_3673_EiB_(pico_histórico_ATH),38514196.48,3600,0.0100,0.0014204827,0.0013472097,0.0014942713,0.20,0.6000,-0.59857952,NO
red_3673_EiB_(pico_histórico_ATH),38514196.48,3600,0.0100,0.0014204827,0.0013472097,0.0014942713,0.25,0.5000,-0.49857952,NO
red_3673_EiB_(pico_histórico_ATH),38514196.48,3600,0.0100,0.0014204827,0.0013472097,0.0014942713,0.33,0.3400,-0.33857952,NO
red_3673_EiB_(pico_histórico_ATH),38514196.48,3600,0.0100,0.0014204827,0.0013472097,0.0014942713,0.40,0.2000,-0.19857952,NO
red_3673_EiB_(pico_histórico_ATH),38514196.48,3600,0.1000,0.0070039833,0.0065667325,0.0074542334,0.20,0.6000,-0.59299602,NO
red_3673_EiB_(pico_histórico_ATH),38514196.48,3600,0.1000,0.0070039833,0.0065667325,0.0074542334,0.25,0.5000,-0.49299602,NO
red_3673_EiB_(pico_histórico_ATH),38514196.48,3600,0.1000,0.0070039833,0.0065667325,0.0074542334,0.33,0.3400,-0.33299602,NO
red_3673_EiB_(pico_histórico_ATH),38514196.48,3600,0.1000,0.0070039833,0.0065667325,0.0074542334,0.40,0.2000,-0.19299602,NO
red_3673_EiB_(pico_histórico_ATH),38514196.48,100000,0.0010,5.1357686e-07,4.1101078e-07,6.1925218e-07,0.20,0.6000,-0.59999949,NO
red_3673_EiB_(pico_histórico_ATH),38514196.48,100000,0.0010,5.1357686e-07,4.1101078e-07,6.1925218e-07,0.25,0.5000,-0.49999949,NO
red_3673_EiB_(pico_histórico_ATH),38514196.48,100000,0.0010,5.1357686e-07,4.1101078e-07,6.1925218e-07,0.33,0.3400,-0.33999949,NO
red_3673_EiB_(pico_histórico_ATH),38514196.48,100000,0.0010,5.1357686e-07,4.1101078e-07,6.1925218e-07,0.40,0.2000,-0.19999949,NO
red_3673_EiB_(pico_histórico_ATH),38514196.48,100000,0.0100,9.6439764e-06,8.2592921e-06,1.11433e-05,0.20,0.6000,-0.59999036,NO
red_3673_EiB_(pico_histórico_ATH),38514196.48,100000,0.0100,9.6439764e-06,8.2592921e-06,1.11433e-05,0.25,0.5000,-0.49999036,NO
red_3673_EiB_(pico_histórico_ATH),38514196.48,100000,0.0100,9.6439764e-06,8.2592921e-06,1.11433e-05,0.33,0.3400,-0.33999036,NO
red_3673_EiB_(pico_histórico_ATH),38514196.48,100000,0.0100,9.6439764e-06,8.2592921e-06,1.11433e-05,0.40,0.2000,-0.19999036,NO
red_3673_EiB_(pico_histórico_ATH),38514196.48,100000,0.1000,0.00036433916,0.00034007352,0.00038973036,0.20,0.6000,-0.59963566,NO
red_3673_EiB_(pico_histórico_ATH),38514196.48,100000,0.1000,0.00036433916,0.00034007352,0.00038973036,0.25,0.5000,-0.49963566,NO
red_3673_EiB_(pico_histórico_ATH),38514196.48,100000,0.1000,0.00036433916,0.00034007352,0.00038973036,0.33,0.3400,-0.33963566,NO
red_3673_EiB_(pico_histórico_ATH),38514196.48,100000,0.1000,0.00036433916,0.00034007352,0.00038973036,0.40,0.2000,-0.19963566,NO
