operacion,detalle,lote,muestra,ns
B-pos,PoS sola ChiaTable K=20,1,0,9049
B-pos,PoS sola ChiaTable K=20,1,1,9090
B-pos,PoS sola ChiaTable K=20,1,2,9040
B-pos,PoS sola ChiaTable K=20,1,3,9050
B-pos,PoS sola ChiaTable K=20,1,4,9030
B-pos,PoS sola ChiaTable K=20,1,5,9050
B-pos,PoS sola ChiaTable K=20,1,6,9019
B-pos,PoS sola ChiaTable K=20,1,7,9060
B-pos,PoS sola ChiaTable K=20,1,8,9050
B-pos,PoS sola ChiaTable K=20,1,9,9080
B-pos,PoS sola ChiaTable K=20,1,10,9100
B-pos,PoS sola ChiaTable K=20,1,11,9090
B-pos,PoS sola ChiaTable K=20,1,12,9110
B-pos,PoS sola ChiaTable K=20,1,13,9109
B-pos,PoS sola ChiaTable K=20,1,14,9100
B-pos,PoS sola ChiaTable K=20,1,15,9110
B-pos,PoS sola ChiaTable K=20,1,16,9090
B-pos,PoS sola ChiaTable K=20,1,17,9060
B-pos,PoS sola ChiaTable K=20,1,18,9050
B-pos,PoS sola ChiaTable K=20,1,19,9050
B-pos,PoS sola ChiaTable K=20,1,20,9039
B-pos,PoS sola ChiaTable K=20,1,21,9070
B-pos,PoS sola ChiaTable K=20,1,22,9040
B-pos,PoS sola ChiaTable K=20,1,23,9030
B-pos,PoS sola ChiaTable K=20,1,24,9050
B-pos,PoS sola ChiaTable K=20,1,25,9060
B-pos,PoS sola ChiaTable K=20,1,26,9040
B-pos,PoS sola ChiaTable K=20,1,27,9029
B-pos,PoS sola ChiaTable K=20,1,28,9070
B-pos,PoS sola ChiaTable K=20,1,29,9060
B-pos,PoS sola ChiaTable K=20,1,30,9040
B-pos,PoS sola ChiaTable K=20,1,31,9029
B-pos,PoS sola ChiaTable K=20,1,32,9050
B-pos,PoS sola ChiaTable K=20,1,33,9090
B-pos,PoS sola ChiaTable K=20,1,34,9119
B-pos,PoS sola ChiaTable K=20,1,35,9090
B-pos,PoS sola ChiaTable K=20,1,36,9100
B-pos,PoS sola ChiaTable K=20,1,37,9070
B-pos,PoS sola ChiaTable K=20,1,38,9089
B-pos,PoS sola ChiaTable K=20,1,39,9070
B-pos,PoS sola ChiaTable K=20,1,40,9110
B-pos,PoS sola ChiaTable K=20,1,41,9439
B-pos,PoS sola ChiaTable K=20,1,42,10010
B-pos,PoS sola ChiaTable K=20,1,43,9060
B-pos,PoS sola ChiaTable K=20,1,44,9030
B-pos,PoS sola ChiaTable K=20,1,45,9059
B-pos,PoS sola ChiaTable K=20,1,46,9050
B-pos,PoS sola ChiaTable K=20,1,47,9050
B-pos,PoS sola ChiaTable K=20,1,48,9029
B-pos,PoS sola ChiaTable K=20,1,49,9050
B-kzg,Kzg::verify chunk (NUM_S_BUCKETS),1,0,582909
B-kzg,Kzg::verify chunk (NUM_S_BUCKETS),1,1,589069
B-kzg,Kzg::verify chunk (NUM_S_BUCKETS),1,2,585099
B-kzg,Kzg::verify chunk (NUM_S_BUCKETS),1,3,582549
B-kzg,Kzg::verify chunk (NUM_S_BUCKETS),1,4,584718
B-kzg,Kzg::verify chunk (NUM_S_BUCKETS),1,5,582229
B-kzg,Kzg::verify chunk (NUM_S_BUCKETS),1,6,585109
B-kzg,Kzg::verify chunk (NUM_S_BUCKETS),1,7,584949
B-kzg,Kzg::verify chunk (NUM_S_BUCKETS),1,8,583229
B-kzg,Kzg::verify chunk (NUM_S_BUCKETS),1,9,585459
B-kzg,Kzg::verify chunk (NUM_S_BUCKETS),1,10,582159
B-kzg,Kzg::verify chunk (NUM_S_BUCKETS),1,11,585168
B-kzg,Kzg::verify chunk (NUM_S_BUCKETS),1,12,584449
B-kzg,Kzg::verify chunk (NUM_S_BUCKETS),1,13,583019
B-kzg,Kzg::verify chunk (NUM_S_BUCKETS),1,14,584739
B-kzg,Kzg::verify chunk (NUM_S_BUCKETS),1,15,583119
B-kzg,Kzg::verify chunk (NUM_S_BUCKETS),1,16,585298
B-kzg,Kzg::verify chunk (NUM_S_BUCKETS),1,17,583119
B-kzg,Kzg::verify chunk (NUM_S_BUCKETS),1,18,583869
B-kzg,Kzg::verify chunk (NUM_S_BUCKETS),1,19,583399
B-kzg,Kzg::verify chunk (NUM_S_BUCKETS),1,20,582149
B-kzg,Kzg::verify chunk (NUM_S_BUCKETS),1,21,583329
B-kzg,Kzg::verify chunk (NUM_S_BUCKETS),1,22,582479
B-kzg,Kzg::verify chunk (NUM_S_BUCKETS),1,23,584789
B-kzg,Kzg::verify chunk (NUM_S_BUCKETS),1,24,584179
B-kzg,Kzg::verify chunk (NUM_S_BUCKETS),1,25,582159
B-kzg,Kzg::verify chunk (NUM_S_BUCKETS),1,26,599249
B-kzg,Kzg::verify chunk (NUM_S_BUCKETS),1,27,585978
B-kzg,Kzg::verify chunk (NUM_S_BUCKETS),1,28,587829
B-kzg,Kzg::verify chunk (NUM_S_BUCKETS),1,29,584749
B-kzg,Kzg::verify chunk (NUM_S_BUCKETS),1,30,581529
B-kzg,Kzg::verify chunk (NUM_S_BUCKETS),1,31,583929
B-kzg,Kzg::verify chunk (NUM_S_BUCKETS),1,32,581419
B-kzg,Kzg::verify chunk (NUM_S_BUCKETS),1,33,582669
B-kzg,Kzg::verify chunk (NUM_S_BUCKETS),1,34,582238
B-kzg,Kzg::verify chunk (NUM_S_BUCKETS),1,35,583689
B-kzg,Kzg::verify chunk (NUM_S_BUCKETS),1,36,585889
B-kzg,Kzg::verify chunk (NUM_S_BUCKETS),1,37,582219
B-kzg,Kzg::verify chunk (NUM_S_BUCKETS),1,38,584738
B-kzg,Kzg::verify chunk (NUM_S_BUCKETS),1,39,582049
B-kzg,Kzg::verify chunk (NUM_S_BUCKETS),1,40,586649
B-kzg,Kzg::verify chunk (NUM_S_BUCKETS),1,41,586919
B-kzg,Kzg::verify chunk (NUM_S_BUCKETS),1,42,583219
B-kzg,Kzg::verify chunk (NUM_S_BUCKETS),1,43,584319
B-kzg,Kzg::verify chunk (NUM_S_BUCKETS),1,44,583509
B-kzg,Kzg::verify chunk (NUM_S_BUCKETS),1,45,584748
B-kzg,Kzg::verify chunk (NUM_S_BUCKETS),1,46,586469
B-kzg,Kzg::verify chunk (NUM_S_BUCKETS),1,47,583839
B-kzg,Kzg::verify chunk (NUM_S_BUCKETS),1,48,585998
B-kzg,Kzg::verify chunk (NUM_S_BUCKETS),1,49,583659
B-kzg-hist,Kzg::verify parametros del banco historico (RawRecord::NUM_CHUNKS, indice 0),1,0,584778
B-kzg-hist,Kzg::verify parametros del banco historico (RawRecord::NUM_CHUNKS, indice 0),1,1,586499
B-kzg-hist,Kzg::verify parametros del banco historico (RawRecord::NUM_CHUNKS, indice 0),1,2,586619
B-kzg-hist,Kzg::verify parametros del banco historico (RawRecord::NUM_CHUNKS, indice 0),1,3,584729
B-kzg-hist,Kzg::verify parametros del banco historico (RawRecord::NUM_CHUNKS, indice 0),1,4,600849
B-kzg-hist,Kzg::verify parametros del banco historico (RawRecord::NUM_CHUNKS, indice 0),1,5,584169
B-kzg-hist,Kzg::verify parametros del banco historico (RawRecord::NUM_CHUNKS, indice 0),1,6,589219
B-kzg-hist,Kzg::verify parametros del banco historico (RawRecord::NUM_CHUNKS, indice 0),1,7,586859
B-kzg-hist,Kzg::verify parametros del banco historico (RawRecord::NUM_CHUNKS, indice 0),1,8,585289
B-kzg-hist,Kzg::verify parametros del banco historico (RawRecord::NUM_CHUNKS, indice 0),1,9,587369
B-kzg-hist,Kzg::verify parametros del banco historico (RawRecord::NUM_CHUNKS, indice 0),1,10,585069
B-kzg-hist,Kzg::verify parametros del banco historico (RawRecord::NUM_CHUNKS, indice 0),1,11,586949
B-kzg-hist,Kzg::verify parametros del banco historico (RawRecord::NUM_CHUNKS, indice 0),1,12,586408
B-kzg-hist,Kzg::verify parametros del banco historico (RawRecord::NUM_CHUNKS, indice 0),1,13,583939
B-kzg-hist,Kzg::verify parametros del banco historico (RawRecord::NUM_CHUNKS, indice 0),1,14,610308
B-kzg-hist,Kzg::verify parametros del banco historico (RawRecord::NUM_CHUNKS, indice 0),1,15,585399
B-kzg-hist,Kzg::verify parametros del banco historico (RawRecord::NUM_CHUNKS, indice 0),1,16,586959
B-kzg-hist,Kzg::verify parametros del banco historico (RawRecord::NUM_CHUNKS, indice 0),1,17,586888
B-kzg-hist,Kzg::verify parametros del banco historico (RawRecord::NUM_CHUNKS, indice 0),1,18,585339
B-kzg-hist,Kzg::verify parametros del banco historico (RawRecord::NUM_CHUNKS, indice 0),1,19,587529
B-kzg-hist,Kzg::verify parametros del banco historico (RawRecord::NUM_CHUNKS, indice 0),1,20,585298
B-kzg-hist,Kzg::verify parametros del banco historico (RawRecord::NUM_CHUNKS, indice 0),1,21,587309
B-kzg-hist,Kzg::verify parametros del banco historico (RawRecord::NUM_CHUNKS, indice 0),1,22,586489
B-kzg-hist,Kzg::verify parametros del banco historico (RawRecord::NUM_CHUNKS, indice 0),1,23,585089
B-kzg-hist,Kzg::verify parametros del banco historico (RawRecord::NUM_CHUNKS, indice 0),1,24,586328
B-kzg-hist,Kzg::verify parametros del banco historico (RawRecord::NUM_CHUNKS, indice 0),1,25,583189
B-kzg-hist,Kzg::verify parametros del banco historico (RawRecord::NUM_CHUNKS, indice 0),1,26,585089
B-kzg-hist,Kzg::verify parametros del banco historico (RawRecord::NUM_CHUNKS, indice 0),1,27,585798
B-kzg-hist,Kzg::verify parametros del banco historico (RawRecord::NUM_CHUNKS, indice 0),1,28,585859
B-kzg-hist,Kzg::verify parametros del banco historico (RawRecord::NUM_CHUNKS, indice 0),1,29,586759
B-kzg-hist,Kzg::verify parametros del banco historico (RawRecord::NUM_CHUNKS, indice 0),1,30,585808
B-kzg-hist,Kzg::verify parametros del banco historico (RawRecord::NUM_CHUNKS, indice 0),1,31,587539
B-kzg-hist,Kzg::verify parametros del banco historico (RawRecord::NUM_CHUNKS, indice 0),1,32,598869
B-kzg-hist,Kzg::verify parametros del banco historico (RawRecord::NUM_CHUNKS, indice 0),1,33,587039
B-kzg-hist,Kzg::verify parametros del banco historico (RawRecord::NUM_CHUNKS, indice 0),1,34,591479
B-kzg-hist,Kzg::verify parametros del banco historico (RawRecord::NUM_CHUNKS, indice 0),1,35,584509
B-kzg-hist,Kzg::verify parametros del banco historico (RawRecord::NUM_CHUNKS, indice 0),1,36,587139
B-kzg-hist,Kzg::verify parametros del banco historico (RawRecord::NUM_CHUNKS, indice 0),1,37,585639
B-kzg-hist,Kzg::verify parametros del banco historico (RawRecord::NUM_CHUNKS, indice 0),1,38,586628
B-kzg-hist,Kzg::verify parametros del banco historico (RawRecord::NUM_CHUNKS, indice 0),1,39,587029
B-kzg-hist,Kzg::verify parametros del banco historico (RawRecord::NUM_CHUNKS, indice 0),1,40,585629
B-kzg-hist,Kzg::verify parametros del banco historico (RawRecord::NUM_CHUNKS, indice 0),1,41,587319
B-kzg-hist,Kzg::verify parametros del banco historico (RawRecord::NUM_CHUNKS, indice 0),1,42,585559
B-kzg-hist,Kzg::verify parametros del banco historico (RawRecord::NUM_CHUNKS, indice 0),1,43,587149
B-kzg-hist,Kzg::verify parametros del banco historico (RawRecord::NUM_CHUNKS, indice 0),1,44,587439
B-kzg-hist,Kzg::verify parametros del banco historico (RawRecord::NUM_CHUNKS, indice 0),1,45,584899
B-kzg-hist,Kzg::verify parametros del banco historico (RawRecord::NUM_CHUNKS, indice 0),1,46,586459
B-kzg-hist,Kzg::verify parametros del banco historico (RawRecord::NUM_CHUNKS, indice 0),1,47,585839
B-kzg-hist,Kzg::verify parametros del banco historico (RawRecord::NUM_CHUNKS, indice 0),1,48,586088
B-kzg-hist,Kzg::verify parametros del banco historico (RawRecord::NUM_CHUNKS, indice 0),1,49,628188
B-pos,PoS sola ChiaTable K=20,2,0,9100
B-pos,PoS sola ChiaTable K=20,2,1,9080
B-pos,PoS sola ChiaTable K=20,2,2,9069
B-pos,PoS sola ChiaTable K=20,2,3,9080
B-pos,PoS sola ChiaTable K=20,2,4,9080
B-pos,PoS sola ChiaTable K=20,2,5,9090
B-pos,PoS sola ChiaTable K=20,2,6,9100
B-pos,PoS sola ChiaTable K=20,2,7,9080
B-pos,PoS sola ChiaTable K=20,2,8,9110
B-pos,PoS sola ChiaTable K=20,2,9,9009
B-pos,PoS sola ChiaTable K=20,2,10,9040
B-pos,PoS sola ChiaTable K=20,2,11,9040
B-pos,PoS sola ChiaTable K=20,2,12,9040
B-pos,PoS sola ChiaTable K=20,2,13,9050
B-pos,PoS sola ChiaTable K=20,2,14,9050
B-pos,PoS sola ChiaTable K=20,2,15,9050
B-pos,PoS sola ChiaTable K=20,2,16,9019
B-pos,PoS sola ChiaTable K=20,2,17,9090
B-pos,PoS sola ChiaTable K=20,2,18,9080
B-pos,PoS sola ChiaTable K=20,2,19,9120
B-pos,PoS sola ChiaTable K=20,2,20,9059
B-pos,PoS sola ChiaTable K=20,2,21,9080
B-pos,PoS sola ChiaTable K=20,2,22,9080
B-pos,PoS sola ChiaTable K=20,2,23,9070
B-pos,PoS sola ChiaTable K=20,2,24,9080
B-pos,PoS sola ChiaTable K=20,2,25,9080
B-pos,PoS sola ChiaTable K=20,2,26,9080
B-pos,PoS sola ChiaTable K=20,2,27,9099
B-pos,PoS sola ChiaTable K=20,2,28,9100
B-pos,PoS sola ChiaTable K=20,2,29,9080
B-pos,PoS sola ChiaTable K=20,2,30,9080
B-pos,PoS sola ChiaTable K=20,2,31,9070
B-pos,PoS sola ChiaTable K=20,2,32,9080
B-pos,PoS sola ChiaTable K=20,2,33,9060
B-pos,PoS sola ChiaTable K=20,2,34,9029
B-pos,PoS sola ChiaTable K=20,2,35,9040
B-pos,PoS sola ChiaTable K=20,2,36,9030
B-pos,PoS sola ChiaTable K=20,2,37,9050
B-pos,PoS sola ChiaTable K=20,2,38,9039
B-pos,PoS sola ChiaTable K=20,2,39,9030
B-pos,PoS sola ChiaTable K=20,2,40,9020
B-pos,PoS sola ChiaTable K=20,2,41,9000
B-pos,PoS sola ChiaTable K=20,2,42,9010
B-pos,PoS sola ChiaTable K=20,2,43,9039
B-pos,PoS sola ChiaTable K=20,2,44,9030
B-pos,PoS sola ChiaTable K=20,2,45,9030
B-pos,PoS sola ChiaTable K=20,2,46,8980
B-pos,PoS sola ChiaTable K=20,2,47,8960
B-pos,PoS sola ChiaTable K=20,2,48,8980
B-pos,PoS sola ChiaTable K=20,2,49,8960
B-kzg,Kzg::verify chunk (NUM_S_BUCKETS),2,0,586519
B-kzg,Kzg::verify chunk (NUM_S_BUCKETS),2,1,601908
B-kzg,Kzg::verify chunk (NUM_S_BUCKETS),2,2,949392
B-kzg,Kzg::verify chunk (NUM_S_BUCKETS),2,3,821954
B-kzg,Kzg::verify chunk (NUM_S_BUCKETS),2,4,859873
B-kzg,Kzg::verify chunk (NUM_S_BUCKETS),2,5,767315
B-kzg,Kzg::verify chunk (NUM_S_BUCKETS),2,6,702937
B-kzg,Kzg::verify chunk (NUM_S_BUCKETS),2,7,592519
B-kzg,Kzg::verify chunk (NUM_S_BUCKETS),2,8,584169
B-kzg,Kzg::verify chunk (NUM_S_BUCKETS),2,9,616608
B-kzg,Kzg::verify chunk (NUM_S_BUCKETS),2,10,588399
B-kzg,Kzg::verify chunk (NUM_S_BUCKETS),2,11,586589
B-kzg,Kzg::verify chunk (NUM_S_BUCKETS),2,12,588639
B-kzg,Kzg::verify chunk (NUM_S_BUCKETS),2,13,586229
B-kzg,Kzg::verify chunk (NUM_S_BUCKETS),2,14,584859
B-kzg,Kzg::verify chunk (NUM_S_BUCKETS),2,15,587649
B-kzg,Kzg::verify chunk (NUM_S_BUCKETS),2,16,585778
B-kzg,Kzg::verify chunk (NUM_S_BUCKETS),2,17,625008
B-kzg,Kzg::verify chunk (NUM_S_BUCKETS),2,18,588479
B-kzg,Kzg::verify chunk (NUM_S_BUCKETS),2,19,585169
B-kzg,Kzg::verify chunk (NUM_S_BUCKETS),2,20,586308
B-kzg,Kzg::verify chunk (NUM_S_BUCKETS),2,21,591979
B-kzg,Kzg::verify chunk (NUM_S_BUCKETS),2,22,589249
B-kzg,Kzg::verify chunk (NUM_S_BUCKETS),2,23,584489
B-kzg,Kzg::verify chunk (NUM_S_BUCKETS),2,24,587549
B-kzg,Kzg::verify chunk (NUM_S_BUCKETS),2,25,586509
B-kzg,Kzg::verify chunk (NUM_S_BUCKETS),2,26,617838
B-kzg,Kzg::verify chunk (NUM_S_BUCKETS),2,27,586099
B-kzg,Kzg::verify chunk (NUM_S_BUCKETS),2,28,584179
B-kzg,Kzg::verify chunk (NUM_S_BUCKETS),2,29,584629
B-kzg,Kzg::verify chunk (NUM_S_BUCKETS),2,30,584039
B-kzg,Kzg::verify chunk (NUM_S_BUCKETS),2,31,582929
B-kzg,Kzg::verify chunk (NUM_S_BUCKETS),2,32,585069
B-kzg,Kzg::verify chunk (NUM_S_BUCKETS),2,33,584559
B-kzg,Kzg::verify chunk (NUM_S_BUCKETS),2,34,586179
B-kzg,Kzg::verify chunk (NUM_S_BUCKETS),2,35,586308
B-kzg,Kzg::verify chunk (NUM_S_BUCKETS),2,36,616589
B-kzg,Kzg::verify chunk (NUM_S_BUCKETS),2,37,585568
B-kzg,Kzg::verify chunk (NUM_S_BUCKETS),2,38,583769
B-kzg,Kzg::verify chunk (NUM_S_BUCKETS),2,39,585519
B-kzg,Kzg::verify chunk (NUM_S_BUCKETS),2,40,586139
B-kzg,Kzg::verify chunk (NUM_S_BUCKETS),2,41,584449
B-kzg,Kzg::verify chunk (NUM_S_BUCKETS),2,42,586529
B-kzg,Kzg::verify chunk (NUM_S_BUCKETS),2,43,584289
B-kzg,Kzg::verify chunk (NUM_S_BUCKETS),2,44,618269
B-kzg,Kzg::verify chunk (NUM_S_BUCKETS),2,45,586958
B-kzg,Kzg::verify chunk (NUM_S_BUCKETS),2,46,584239
B-kzg,Kzg::verify chunk (NUM_S_BUCKETS),2,47,587619
B-kzg,Kzg::verify chunk (NUM_S_BUCKETS),2,48,584159
B-kzg,Kzg::verify chunk (NUM_S_BUCKETS),2,49,585398
B-kzg-hist,Kzg::verify parametros del banco historico (RawRecord::NUM_CHUNKS, indice 0),2,0,585239
B-kzg-hist,Kzg::verify parametros del banco historico (RawRecord::NUM_CHUNKS, indice 0),2,1,585109
B-kzg-hist,Kzg::verify parametros del banco historico (RawRecord::NUM_CHUNKS, indice 0),2,2,584079
B-kzg-hist,Kzg::verify parametros del banco historico (RawRecord::NUM_CHUNKS, indice 0),2,3,584919
B-kzg-hist,Kzg::verify parametros del banco historico (RawRecord::NUM_CHUNKS, indice 0),2,4,583908
B-kzg-hist,Kzg::verify parametros del banco historico (RawRecord::NUM_CHUNKS, indice 0),2,5,616949
B-kzg-hist,Kzg::verify parametros del banco historico (RawRecord::NUM_CHUNKS, indice 0),2,6,585449
B-kzg-hist,Kzg::verify parametros del banco historico (RawRecord::NUM_CHUNKS, indice 0),2,7,585569
B-kzg-hist,Kzg::verify parametros del banco historico (RawRecord::NUM_CHUNKS, indice 0),2,8,584329
B-kzg-hist,Kzg::verify parametros del banco historico (RawRecord::NUM_CHUNKS, indice 0),2,9,583428
B-kzg-hist,Kzg::verify parametros del banco historico (RawRecord::NUM_CHUNKS, indice 0),2,10,585669
B-kzg-hist,Kzg::verify parametros del banco historico (RawRecord::NUM_CHUNKS, indice 0),2,11,584709
B-kzg-hist,Kzg::verify parametros del banco historico (RawRecord::NUM_CHUNKS, indice 0),2,12,586589
B-kzg-hist,Kzg::verify parametros del banco historico (RawRecord::NUM_CHUNKS, indice 0),2,13,586118
B-kzg-hist,Kzg::verify parametros del banco historico (RawRecord::NUM_CHUNKS, indice 0),2,14,615108
B-kzg-hist,Kzg::verify parametros del banco historico (RawRecord::NUM_CHUNKS, indice 0),2,15,585009
B-kzg-hist,Kzg::verify parametros del banco historico (RawRecord::NUM_CHUNKS, indice 0),2,16,583629
B-kzg-hist,Kzg::verify parametros del banco historico (RawRecord::NUM_CHUNKS, indice 0),2,17,585099
B-kzg-hist,Kzg::verify parametros del banco historico (RawRecord::NUM_CHUNKS, indice 0),2,18,585118
B-kzg-hist,Kzg::verify parametros del banco historico (RawRecord::NUM_CHUNKS, indice 0),2,19,583579
B-kzg-hist,Kzg::verify parametros del banco historico (RawRecord::NUM_CHUNKS, indice 0),2,20,586949
B-kzg-hist,Kzg::verify parametros del banco historico (RawRecord::NUM_CHUNKS, indice 0),2,21,584309
B-kzg-hist,Kzg::verify parametros del banco historico (RawRecord::NUM_CHUNKS, indice 0),2,22,584618
B-kzg-hist,Kzg::verify parametros del banco historico (RawRecord::NUM_CHUNKS, indice 0),2,23,617938
B-kzg-hist,Kzg::verify parametros del banco historico (RawRecord::NUM_CHUNKS, indice 0),2,24,584139
B-kzg-hist,Kzg::verify parametros del banco historico (RawRecord::NUM_CHUNKS, indice 0),2,25,585319
B-kzg-hist,Kzg::verify parametros del banco historico (RawRecord::NUM_CHUNKS, indice 0),2,26,583939
B-kzg-hist,Kzg::verify parametros del banco historico (RawRecord::NUM_CHUNKS, indice 0),2,27,586669
B-kzg-hist,Kzg::verify parametros del banco historico (RawRecord::NUM_CHUNKS, indice 0),2,28,585179
B-kzg-hist,Kzg::verify parametros del banco historico (RawRecord::NUM_CHUNKS, indice 0),2,29,584038
B-kzg-hist,Kzg::verify parametros del banco historico (RawRecord::NUM_CHUNKS, indice 0),2,30,585989
B-kzg-hist,Kzg::verify parametros del banco historico (RawRecord::NUM_CHUNKS, indice 0),2,31,584179
B-kzg-hist,Kzg::verify parametros del banco historico (RawRecord::NUM_CHUNKS, indice 0),2,32,616768
B-kzg-hist,Kzg::verify parametros del banco historico (RawRecord::NUM_CHUNKS, indice 0),2,33,585219
B-kzg-hist,Kzg::verify parametros del banco historico (RawRecord::NUM_CHUNKS, indice 0),2,34,583599
B-kzg-hist,Kzg::verify parametros del banco historico (RawRecord::NUM_CHUNKS, indice 0),2,35,585208
B-kzg-hist,Kzg::verify parametros del banco historico (RawRecord::NUM_CHUNKS, indice 0),2,36,584189
B-kzg-hist,Kzg::verify parametros del banco historico (RawRecord::NUM_CHUNKS, indice 0),2,37,584929
B-kzg-hist,Kzg::verify parametros del banco historico (RawRecord::NUM_CHUNKS, indice 0),2,38,584979
B-kzg-hist,Kzg::verify parametros del banco historico (RawRecord::NUM_CHUNKS, indice 0),2,39,583689
B-kzg-hist,Kzg::verify parametros del banco historico (RawRecord::NUM_CHUNKS, indice 0),2,40,584909
B-kzg-hist,Kzg::verify parametros del banco historico (RawRecord::NUM_CHUNKS, indice 0),2,41,614948
B-kzg-hist,Kzg::verify parametros del banco historico (RawRecord::NUM_CHUNKS, indice 0),2,42,584299
B-kzg-hist,Kzg::verify parametros del banco historico (RawRecord::NUM_CHUNKS, indice 0),2,43,584379
B-kzg-hist,Kzg::verify parametros del banco historico (RawRecord::NUM_CHUNKS, indice 0),2,44,583699
B-kzg-hist,Kzg::verify parametros del banco historico (RawRecord::NUM_CHUNKS, indice 0),2,45,585599
B-kzg-hist,Kzg::verify parametros del banco historico (RawRecord::NUM_CHUNKS, indice 0),2,46,582639
B-kzg-hist,Kzg::verify parametros del banco historico (RawRecord::NUM_CHUNKS, indice 0),2,47,586269
B-kzg-hist,Kzg::verify parametros del banco historico (RawRecord::NUM_CHUNKS, indice 0),2,48,583409
B-kzg-hist,Kzg::verify parametros del banco historico (RawRecord::NUM_CHUNKS, indice 0),2,49,586169
