combo_id,objeto,topologia,n,grado,mediana_latencia_s,p99_latencia_s,ancho_banda_bps,tam_bloque_B,retardo_procesado_s,lambda_1_s,horizonte_s,rho,regimen,n_corridas,n_bloques_total,eventos_total,delta_barra_s,delta_barra_espacio_s,med_d50_s,p90_d50_s,p99_d50_s,max_d50_s,med_d90_s,p90_d90_s,p99_d90_s,max_d90_s,med_d99_s,p90_d99_s,p99_d99_s,max_d99_s,med_d100_s,p90_d100_s,p99_d100_s,max_d100_s
1010,cabecera-1p-1slot,erdos_renyi,100,8,0.08,0.5,5.967e7,716.0,0.0,1.0,600.0,0.0007679570973688621,estable,12,7252,5914614,0.13874283176961852,,0.13531823924463993,0.1704568551695047,0.21861159988748113,0.28180093239609505,0.18141059301626683,0.22079908052592145,0.2670822333244587,0.34104202591856847,0.22121424044803462,0.26964562709446227,0.32461024869951416,0.38730712494191266,0.24457426635723323,0.30266040458903376,0.3623561034525551,0.4045848150478406
1022,cabecera-4p-1slot,erdos_renyi,100,8,0.08,0.5,5.967e7,812.0,0.0,1.0,600.0,0.0008709234120998827,estable,12,7260,5826714,0.1391824337287616,,0.13571188965539704,0.1699044596586674,0.21768475063288406,0.3255190886851551,0.181676076224079,0.2174573226151324,0.2669380705234943,0.36618902409077236,0.22251158111041036,0.26367021969766213,0.30874815016926505,0.39220902137094527,0.25231033056533647,0.32266344678862424,0.3853635937413742,0.4137940455280358
1034,anuncio-arranque-571tx,erdos_renyi,100,8,0.08,0.5,5.967e7,4238.0,0.0,1.0,600.0,0.004545533769063181,estable,12,7285,5789565,0.1492608507775425,,0.14527293478391812,0.18243686859210584,0.24454878962444582,0.6067414646699945,0.19417939293282416,0.2354656851789514,0.2940531257624741,0.6801495609101949,0.23468683939290713,0.2900865582377037,0.3410397699471446,0.7055925626046928,0.2591909121881599,0.403052780302005,0.6714195954847924,0.7187524862249575
1046,cabecera-peor-caso-16p-150slot,erdos_renyi,100,8,0.08,0.5,5.967e7,20268.0,0.0,1.0,600.0,0.021738763197586726,estable,12,7288,5719110,0.18139394508288717,,0.180123050337329,0.21210676767674386,0.25885910820873903,0.4062216001652814,0.23699491696436326,0.27079065863910046,0.312924251592932,0.45761084176399436,0.2790119569074818,0.3184067386136462,0.3639233195879541,0.49230072918282985,0.2981468398796778,0.38072178932908685,0.46014815498472217,0.5244912309553911
1058,anuncio-techo-4464tx,erdos_renyi,100,8,0.08,0.5,5.967e7,27596.0,0.0,1.0,600.0,0.029598525222054632,estable,12,7175,5700991,0.19860961211274464,,0.19662062068158548,0.23517063131282612,0.2796668562040736,0.451561474108928,0.26062875961281406,0.29937619788185543,0.34832697327078677,0.5107103335508327,0.30890836756941553,0.3534421902917231,0.4033883072198705,0.54834880827201,0.3349454519905066,0.42174501937020636,0.5210267553332244,0.5976990443398336
1004,cabecera-1p-1slot,erdos_renyi,100,8,0.08,0.5,1.0e8,716.0,0.0,1.0,600.0,0.00045824,estable,12,7237,5835521,0.14418464888891167,,0.1417021364915172,0.17521276715689282,0.2231046773969183,0.338991052864003,0.18939495222878122,0.2242289952426404,0.26925328177124186,0.38360381049366765,0.23125756004105824,0.27183881897724405,0.31840518926700057,0.4140023192951219,0.2510682912907072,0.3315998882102349,0.3929201555134796,0.4583599228255082
1016,cabecera-4p-1slot,erdos_renyi,100,8,0.08,0.5,1.0e8,812.0,0.0,1.0,600.0,0.00051968,estable,12,7174,5730298,0.14150778728548558,,0.13938332849997437,0.17245694363157327,0.22280204458064645,0.26359548285952883,0.1842276641175573,0.21920823007621948,0.2699481328089064,0.31932585899971855,0.22322365947491107,0.2642722689763559,0.30610905092564167,0.37617801666613104,0.24427679730644059,0.2876248833262025,0.3418087724095358,0.3793833689590258
1028,anuncio-arranque-571tx,erdos_renyi,100,8,0.08,0.5,1.0e8,4238.0,0.0,1.0,600.0,0.00271232,estable,12,7007,5518541,0.14805404579931267,,0.14503585508616368,0.180249524205351,0.23769057748214095,0.30191869071094857,0.1946980093906916,0.2286230239045608,0.2863456415198016,0.3646123232553009,0.23677505201968785,0.28476923605967386,0.3456018623432442,0.42777616765772564,0.25606585885421396,0.31497796701165726,0.37171096230233047,0.4592421556851889
1040,cabecera-peor-caso-16p-150slot,erdos_renyi,100,8,0.08,0.5,1.0e8,20268.0,0.0,1.0,600.0,0.01297152,estable,12,7112,5646078,0.16362488170005704,,0.16157170083934602,0.193481815527889,0.24893761612746346,0.4125128041857806,0.2132976020066053,0.2500814721444158,0.30287868960297715,0.4687888757208327,0.2606855950605791,0.3154281606849736,0.37410603385849583,0.5245601185724809,0.28264974129319853,0.35963602411760576,0.46765607941645726,0.5335886760082076
1052,anuncio-techo-4464tx,erdos_renyi,100,8,0.08,0.5,1.0e8,27596.0,0.0,1.0,600.0,0.01766144,estable,12,7368,5855152,0.17543257748023963,,0.1727484286784602,0.20826721323183506,0.27349906538631785,0.3862057452714076,0.22884384521410084,0.26507016789383897,0.3293946028729522,0.44075584205319274,0.27850845570222305,0.32274958258705055,0.3778285327104527,0.48536431215137554,0.3046479298530471,0.3763983647333493,0.44853391622464756,0.5501028425974823
1007,cabecera-1p-1slot,regular,100,8,0.08,0.5,5.967e7,716.0,0.0,1.0,600.0,0.0007679570973688621,estable,12,7250,5807250,0.14080237239333313,,0.14250294053545076,0.16746178311063886,0.1922180207408246,0.21880004581342405,0.18618063902579252,0.21109445662040827,0.23567959521597004,0.26358124284087125,0.21437678666433158,0.24154799657111425,0.2655994384914493,0.28864325247690203,0.22415475022331321,0.253475007051577,0.28318950546440647,0.2976437279963875
1019,cabecera-4p-1slot,regular,100,8,0.08,0.5,5.967e7,812.0,0.0,1.0,600.0,0.0008709234120998827,estable,12,7126,5707926,0.1381311622758163,,0.13891858398838508,0.16318414910193724,0.18761758517320004,0.20526988097458343,0.181714457527562,0.20606895389823876,0.2313393915734423,0.24496749369495774,0.20861073870503333,0.2358936278139936,0.26364777738882594,0.2768045519877944,0.21869920847507274,0.2488488564997624,0.27529923398040523,0.32824425044475447
1031,anuncio-arranque-571tx,regular,100,8,0.08,0.5,5.967e7,4238.0,0.0,1.0,600.0,0.004545533769063181,estable,12,7158,5733558,0.14811268654539503,,0.15024968773406044,0.1743843813821826,0.19876832616803597,0.2298124476063066,0.19507048514282133,0.22100013280100939,0.24655891417398834,0.2745503948340229,0.22142900475535043,0.24799029949042506,0.2763358082415195,0.3117407160604557,0.23262529110013475,0.2647576988766218,0.294020205213819,0.3310400273829259
1043,cabecera-peor-caso-16p-150slot,regular,100,8,0.08,0.5,5.967e7,20268.0,0.0,1.0,600.0,0.021738763197586726,estable,12,7398,5925798,0.1779509812422545,,0.18131163728139654,0.2070530487485307,0.23428694698691288,0.2635126880430505,0.233435876330212,0.26111538106027865,0.2912764810620274,0.318237862520391,0.2650144810341999,0.29621678975138366,0.32717431776376316,0.35769049471119274,0.2768599058356358,0.31328981313482984,0.3444722126433817,0.37868116689386966
1055,anuncio-techo-4464tx,regular,100,8,0.08,0.5,5.967e7,27596.0,0.0,1.0,600.0,0.029598525222054632,estable,12,7269,5822469,0.1936304631022652,,0.1965061258693197,0.22410350465247575,0.25608030075363786,0.29566752383993844,0.25321328789522113,0.2810049543749784,0.3125413855778163,0.3578299787703827,0.287641472782326,0.3189034233784014,0.35376982730275586,0.3997788651802523,0.30017940886637007,0.3379787471081386,0.37967798039017,0.42467963823054333
1001,cabecera-1p-1slot,regular,100,8,0.08,0.5,1.0e8,716.0,0.0,1.0,600.0,0.00045824,estable,12,7262,5816862,0.14004979389387556,,0.1411314555028298,0.16554039807635945,0.19433486775727715,0.22988835889000825,0.1848803438290929,0.2091143301574363,0.23710471746505846,0.2818503127548979,0.21374609715024917,0.2404166479404921,0.26602695325118475,0.299278037866884,0.22568328657649772,0.2578021566070543,0.29031353901996226,0.31055761275291616
1013,cabecera-4p-1slot,regular,100,8,0.08,0.5,1.0e8,812.0,0.0,1.0,600.0,0.00051968,estable,12,7235,5795235,0.13779730818225402,,0.13920346687046958,0.16383731476969388,0.18518768194945778,0.24961483113929717,0.18168441370815458,0.20572552706016722,0.22710078840512438,0.2825597595263787,0.20880506031392088,0.23576025385460753,0.2620044353813853,0.3143994097819416,0.22202181360739814,0.25956386871797577,0.29312829033034404,0.3231276365044238
1025,anuncio-arranque-571tx,regular,100,8,0.08,0.5,1.0e8,4238.0,0.0,1.0,600.0,0.00271232,estable,12,7210,5775210,0.14266058860100925,,0.14359856283378747,0.16994188346507144,0.19387041493584434,0.2362150338161655,0.18805076991998249,0.21403279248295348,0.2402901651660727,0.2858122163644623,0.21718920623604276,0.24661409040220406,0.2769511988917799,0.3188082514622619,0.22950164504891646,0.2605766777381078,0.294969213524098,0.34915956806423765
1037,cabecera-peor-caso-16p-150slot,regular,100,8,0.08,0.5,1.0e8,20268.0,0.0,1.0,600.0,0.01297152,estable,12,7180,5751180,0.16166200204639714,,0.16384968761542495,0.18884244897955682,0.2110306675993172,0.2362777518530379,0.21256688281226843,0.2364325239042273,0.2622939262288355,0.2857998369234451,0.24354239455982452,0.2681568385267852,0.2925656825401006,0.3048906097789086,0.25534595966382767,0.28332516480560344,0.3067760614286499,0.31827585663734226
1049,anuncio-techo-4464tx,regular,100,8,0.08,0.5,1.0e8,27596.0,0.0,1.0,600.0,0.01766144,estable,12,7292,5840892,0.1718289705112376,,0.17421916883893118,0.19778220891498677,0.22737490697380736,0.26395876646233773,0.22555150942463342,0.24981465188125185,0.2844020547532722,0.33118738799237235,0.2571965744341753,0.2845450229877997,0.31537838723787104,0.350953244886,0.26964453298057833,0.3025205385435896,0.33795654641176043,0.3593692155187682
1011,cabecera-1p-1slot,erdos_renyi,1000,8,0.08,0.5,5.967e7,716.0,0.0,1.0,600.0,0.0007679570973688621,estable,12,7205,57847771,0.20703528042918948,,0.2055147464368261,0.2382529969230518,0.2886083071669532,0.4771592168615939,0.2534664841300014,0.2865267268136904,0.3365623389987036,0.5217668474358561,0.3054548060900615,0.33847867901653217,0.39092650436049325,0.574107594919667,0.4365169517571985,0.5049570960755432,0.559225221569875,0.6648918803194874
1023,cabecera-4p-1slot,erdos_renyi,1000,8,0.08,0.5,5.967e7,812.0,0.0,1.0,600.0,0.0008709234120998827,estable,12,7128,57115902,0.20676670992578955,,0.20507312440514625,0.24046595764002632,0.2923838056619843,0.44898121713140426,0.2529941481076321,0.288365005464037,0.33980169550204664,0.4953745712466713,0.30332275640205353,0.3387239216647231,0.3929345551667893,0.5470963829146669,0.38979642331605646,0.47258020404308354,0.5363466108107531,0.6883541386454795
1035,anuncio-arranque-571tx,erdos_renyi,1000,8,0.08,0.5,5.967e7,4238.0,0.0,1.0,600.0,0.004545533769063181,estable,12,7369,58620199,0.2225606019005988,,0.2215960015643077,0.2553723053383976,0.31097895825801913,0.5252719656593143,0.27182147795519995,0.305816431665221,0.3613232721281463,0.5674297484816719,0.3234395513488266,0.3583563884071168,0.4116993757497056,0.6153870481527264,0.42636259269337984,0.5267793096677735,0.5848105067109373,0.8331552969471687
1047,cabecera-peor-caso-16p-150slot,erdos_renyi,1000,8,0.08,0.5,5.967e7,20268.0,0.0,1.0,600.0,0.021738763197586726,estable,12,7478,59920234,0.27117384534645816,,0.2714883281395828,0.308256275989379,0.3600491478933492,0.570888361854685,0.3314480884881732,0.36840079164099393,0.41933645024113275,0.6286653668437623,0.388043237105137,0.4258016896669119,0.47553871140814863,0.6877021494336759,0.4955396262340628,0.6130783477761952,0.6838884969695869,0.8316684789478472
1059,anuncio-techo-4464tx,erdos_renyi,1000,8,0.08,0.5,5.967e7,27596.0,0.0,1.0,600.0,0.029598525222054632,estable,12,7142,56876936,0.29298337120569357,,0.2941660868441147,0.32909059889658465,0.3794551199008538,0.6698033901155714,0.35828820298115716,0.39321427834886435,0.4428339228276883,0.7342773300419515,0.4152832803544584,0.4513608101921811,0.4996569425685138,0.795793099699036,0.5303853548266488,0.7039908343169827,0.7829209550423002,0.9794598232725207
1005,cabecera-1p-1slot,erdos_renyi,1000,8,0.08,0.5,1.0e8,716.0,0.0,1.0,600.0,0.00045824,estable,12,7134,56902326,0.20705882797361522,,0.20542421806690214,0.2397770973337856,0.2917807766796727,0.6931969547264885,0.2538091253816219,0.2881246394167647,0.34316804371331955,0.7406538813626753,0.30489312517437384,0.3399531514872365,0.39671148306907966,0.7925169005820294,0.40338659858932147,0.7187216241465428,1.3887930693848887,1.4887941021991082
1017,cabecera-4p-1slot,erdos_renyi,1000,8,0.08,0.5,1.0e8,812.0,0.0,1.0,600.0,0.00051968,estable,12,7283,58287031,0.20595587249032143,,0.2046013597278602,0.2386954456429251,0.2832030143525799,0.4382002930290696,0.25243181458500885,0.28610364284674006,0.3327677699611513,0.4853307899626884,0.3020285165776251,0.336018747654407,0.38195819672944253,0.5313375030357292,0.38997385267703066,0.4554755669474275,0.5105502895576706,0.6114727084700675
1029,anuncio-arranque-571tx,erdos_renyi,1000,8,0.08,0.5,1.0e8,4238.0,0.0,1.0,600.0,0.00271232,estable,12,7256,58443148,0.2121633581879847,,0.21054487500038022,0.2448711656032856,0.30025631322376967,0.48413341294400425,0.25938456365019924,0.2940463265327935,0.3479711544919013,0.5344875228232979,0.3103716732007342,0.34543702223140826,0.40259581090106167,0.5830224882824382,0.4049612424341831,0.4751904539548093,0.5438273602053698,0.6352348433568977
1041,cabecera-peor-caso-16p-150slot,erdos_renyi,1000,8,0.08,0.5,1.0e8,20268.0,0.0,1.0,600.0,0.01297152,estable,12,7172,57155000,0.24646212055864036,,0.2457429781279643,0.2812392263237484,0.3386851394594146,0.6273623356265716,0.300494773197272,0.3358214167090523,0.3943863938804668,0.6812625358939499,0.35508956203250364,0.39077049743599446,0.44731520443065165,0.7334388562080676,0.46160525423421195,0.5650204047714169,0.6836958781714202,0.9367851193508727
1053,anuncio-techo-4464tx,erdos_renyi,1000,8,0.08,0.5,1.0e8,27596.0,0.0,1.0,600.0,0.01766144,estable,12,7206,57646870,0.2577796135674827,,0.2580353767198176,0.29316110521529026,0.34244082613622595,0.5095564318030483,0.3147820139167834,0.34997247314157676,0.39981335812188945,0.562583002204974,0.3667484539960668,0.4028223796316297,0.45500080577744484,0.6178638661331206,0.4519341468528637,0.5382617558603897,0.6039998802122568,0.7029597675193102
1008,cabecera-1p-1slot,regular,1000,8,0.08,0.5,5.967e7,716.0,0.0,1.0,600.0,0.0007679570973688621,estable,12,7166,57335166,0.21234662150850234,,0.21566575618201966,0.2397560158142369,0.2648868064727452,0.305227251405654,0.26054608348138686,0.2847434147792889,0.30969406071051253,0.35275298955957624,0.2935922302287963,0.31782947930435057,0.3430196192132371,0.38692452940631483,0.32654305077608115,0.3567386231755165,0.38569833471774473,0.42429558302728765
1020,cabecera-4p-1slot,regular,1000,8,0.08,0.5,5.967e7,812.0,0.0,1.0,600.0,0.0008709234120998827,estable,12,7224,57799224,0.2139533884169169,,0.21720024263061077,0.24073480435842853,0.2656477528668617,0.29578472156697444,0.26226504472271017,0.2859190336170627,0.3110706125274305,0.34190076173018724,0.29506472954631136,0.31898660865738293,0.343869501544134,0.3756014802008849,0.3272406783378301,0.3570257807666355,0.38777073117921645,0.43424342742343924
1032,anuncio-arranque-571tx,regular,1000,8,0.08,0.5,5.967e7,4238.0,0.0,1.0,600.0,0.004545533769063181,estable,12,7143,57151143,0.22395334018297944,,0.22753481629172256,0.2520198982078665,0.27704825971397895,0.3221644252071627,0.273966012380356,0.2982309642246719,0.322776591445745,0.3689045991654183,0.30721796809268653,0.3319219501461248,0.3561850286744743,0.403858306275346,0.33848383877887045,0.3677347992318687,0.3975389278499506,0.43530918841224775
1044,cabecera-peor-caso-16p-150slot,regular,1000,8,0.08,0.5,5.967e7,20268.0,0.0,1.0,600.0,0.021738763197586726,estable,12,7321,58575321,0.2688819841373465,,0.27408710290296057,0.29877793985032497,0.3238247369467331,0.3789736454689603,0.32776683633403536,0.3523082683915959,0.3780710275228216,0.43069369598850926,0.3642027245132766,0.389491815084297,0.4142023803080406,0.46397323352925923,0.3971622346686594,0.42817595153451293,0.4606655641472912,0.5051269450743234
1056,anuncio-techo-4464tx,regular,1000,8,0.08,0.5,5.967e7,27596.0,0.0,1.0,600.0,0.029598525222054632,estable,12,7183,57471183,0.2881733531849019,,0.29363716720456523,0.3208709942183141,0.3492637371485898,0.392004993892499,0.35091518730831694,0.37790243944493795,0.4067425624331875,0.44549667787907765,0.3898992008164157,0.4169371328091529,0.4454414290201498,0.49683685140126954,0.4243574550959579,0.4561775298942621,0.48971319188575535,0.5511836489373536
1002,cabecera-1p-1slot,regular,1000,8,0.08,0.5,1.0e8,716.0,0.0,1.0,600.0,0.00045824,estable,12,7190,57527190,0.21197977564054404,,0.2150460962632792,0.23943836789806028,0.26487019829892233,0.319724991417802,0.2594566717656903,0.28397442290494723,0.3100078308475531,0.3670087649452398,0.2914150779157296,0.31648805930356616,0.3418916885507315,0.39410522241549195,0.32271024907269563,0.3524129276892154,0.38433432831567416,0.4249543969582845
1014,cabecera-4p-1slot,regular,1000,8,0.08,0.5,1.0e8,812.0,0.0,1.0,600.0,0.00051968,estable,12,7233,57871233,0.2117099121843707,,0.21496018754781687,0.23888933201631346,0.26555542904606,0.340076275945421,0.2593658627998252,0.2838833860240584,0.30970769008530397,0.38771630598603224,0.2919591231778895,0.31631924092886265,0.3413594927109216,0.42261039145603263,0.3240584920850438,0.3549931307103975,0.3908540916909544,0.4543767062851316
1026,anuncio-arranque-571tx,regular,1000,8,0.08,0.5,1.0e8,4238.0,0.0,1.0,600.0,0.00271232,estable,12,7123,56991123,0.21822431359597536,,0.2214419014925113,0.24596982754695773,0.271946442710032,0.30973208955474263,0.26706488607140955,0.2917010850407564,0.31777821744015,0.3570599263918055,0.3005390048268737,0.32496456190290246,0.35161392300983607,0.3871918889554369,0.33178425392571853,0.3624162558030548,0.39107507326369273,0.4389074156144943
1038,cabecera-peor-caso-16p-150slot,regular,1000,8,0.08,0.5,1.0e8,20268.0,0.0,1.0,600.0,0.01297152,estable,12,7174,57399174,0.2450145755791157,,0.2493671794662049,0.2743735568989223,0.2965316776471809,0.33705821703483707,0.2994524434368653,0.32440729118548006,0.3470378193745205,0.38731496907803376,0.33434668025942926,0.3592538723108589,0.38271997113190537,0.4188387472732984,0.36722240756958513,0.3975358281069017,0.4256217467999477,0.4702009394417317
1050,anuncio-techo-4464tx,regular,1000,8,0.08,0.5,1.0e8,27596.0,0.0,1.0,600.0,0.01766144,estable,12,7083,56671083,0.25867627538978666,,0.2635737996264993,0.2886346286707635,0.3164226273528925,0.36876457400531404,0.3159412290157775,0.34083915998280645,0.3685528206606534,0.4208703407970704,0.35199980689694144,0.3769824393240242,0.4058579139418157,0.45822495425743526,0.3851730467039829,0.41650719404185566,0.45075602531517234,0.49556122202013864
1012,cabecera-1p-1slot,erdos_renyi,10000,8,0.08,0.5,5.967e7,716.0,0.0,1.0,600.0,0.0007679570973688621,estable,12,7368,590560960,0.27363714802875216,,0.27224897478839694,0.30711093811800083,0.35940932323366326,0.6489946384593281,0.32033338077826556,0.35503404775033687,0.4072803262782827,0.6975632816570112,0.3718584227499946,0.4062707911479322,0.4592586669554066,0.7503927356265194,0.6876478162196236,0.891514261269208,0.9427929781776356,1.2069273305401964
1024,cabecera-4p-1slot,erdos_renyi,10000,8,0.08,0.5,5.967e7,812.0,0.0,1.0,600.0,0.0008709234120998827,estable,12,7247,579306015,0.2745041227292072,,0.27290553336723633,0.3077586049216947,0.35910469147324875,0.57578763048474,0.3215248176051091,0.3565262099965594,0.40772769609782245,0.6235890651420277,0.3737636139022129,0.40918929221678013,0.4609313519748639,0.6760391187572736,0.6439808800625997,0.8869744912269084,0.9529505784454386,1.0347968586231175
1036,anuncio-arranque-571tx,erdos_renyi,10000,8,0.08,0.5,5.967e7,4238.0,0.0,1.0,600.0,0.004545533769063181,estable,12,7256,582375692,0.28985865934926996,,0.2889470642786591,0.3239959062057167,0.3756236333765628,0.5250330046383738,0.33895800758261885,0.3743499397222365,0.4256908424012664,0.5757075987701228,0.39045085811891056,0.4259316176208543,0.47714874334781143,0.6275818234401527,0.7083248577834524,1.0512370095054848,1.2786909489752247,1.4222900366469844
1048,cabecera-peor-caso-16p-150slot,erdos_renyi,10000,8,0.08,0.5,5.967e7,20268.0,0.0,1.0,600.0,0.021738763197586726,estable,12,7256,580758674,0.3588660484136396,,0.3595671031060874,0.3947250213979885,0.44908139068181185,0.6091907957725766,0.41920748936576047,0.4543679888550969,0.509925473435942,0.6687091305313402,0.4749627531105318,0.5111150202988028,0.5664914119830655,0.7242912428463342,0.7342194653569436,0.8981040740023332,1.0072326880788438,1.2423997272383076
1060,anuncio-techo-4464tx,erdos_renyi,10000,8,0.08,0.5,5.967e7,27596.0,0.0,1.0,600.0,0.029598525222054632,estable,12,7148,572830092,0.3870685574919096,,0.38775010863247417,0.42502664643427046,0.4788901513708197,0.6878500114858639,0.4519531987730261,0.48917018554010383,0.5449254170126778,0.7514369820640354,0.5108304564903392,0.5482454032247119,0.6036448485712071,0.8088398626696858,0.8154121333352009,1.193261792649082,1.2839058592222443,1.4856681082608816
1006,cabecera-1p-1slot,erdos_renyi,10000,8,0.08,0.5,1.0e8,716.0,0.0,1.0,600.0,0.00045824,estable,12,7164,573181422,0.2725754813884152,,0.271055584540818,0.3061195746716123,0.3560838982363066,0.46285117125556496,0.31916680256549057,0.3543004015851636,0.4048113908555706,0.5107571586510886,0.36984735075486697,0.40480228112252803,0.45503336972456054,0.5638007257118574,0.6599866918808743,0.7751938641868179,0.8417932143520233,0.9552112367171617
1018,cabecera-4p-1slot,erdos_renyi,10000,8,0.08,0.5,1.0e8,812.0,0.0,1.0,600.0,0.00051968,estable,12,7161,573930703,0.27249211230538684,,0.27152110467415014,0.30521481295335207,0.35412663769477604,0.655445489970333,0.3194844825041514,0.3532841418925159,0.40237265220702056,0.7025339675910516,0.3708970851272966,0.4051573653576952,0.45299297623255086,0.7493846655591199,0.7188877583956756,0.9555904905383841,1.6445125934430571,1.7252434359625113
1030,anuncio-arranque-571tx,erdos_renyi,10000,8,0.08,0.5,1.0e8,4238.0,0.0,1.0,600.0,0.00271232,estable,12,7047,563377045,0.28231104418353314,,0.2811088035708167,0.3162629219008295,0.3684757446761182,0.8866327050258747,0.3305939199489103,0.3658577817027435,0.417437023358616,0.935775737574545,0.3827058048774461,0.418042294504005,0.470619287433351,0.986521549183351,0.626286321508303,1.271383040822549,1.7759527846981769,2.3245270187887286
1042,cabecera-peor-caso-16p-150slot,erdos_renyi,10000,8,0.08,0.5,1.0e8,20268.0,0.0,1.0,600.0,0.01297152,estable,12,7125,568855271,0.32490607389322235,,0.32495856614434615,0.3592637687558522,0.40898335178115985,0.7795266904861933,0.3799256636059454,0.4141529072531398,0.46456801669592096,0.835549870813793,0.4343517576341185,0.4690612221683885,0.5194531034274519,0.8930514797413593,0.7655171660993183,0.9082472598101958,1.4827180993988804,1.9010456909197728
1054,anuncio-techo-4464tx,erdos_renyi,10000,8,0.08,0.5,1.0e8,27596.0,0.0,1.0,600.0,0.01766144,estable,12,7067,564830223,0.3431804174310236,,0.3437760593597545,0.3782953923142074,0.4296802910008637,0.7817923627431753,0.40118025933509216,0.43573989018324255,0.48768528546190737,0.8384463117228336,0.45602141200316737,0.4909531233518578,0.5421553672492792,0.8883381485804591,0.7535055290438777,1.3073196548239991,1.4925497154282965,1.5774104292263473
1009,cabecera-1p-1slot,regular,10000,8,0.08,0.5,5.967e7,716.0,0.0,1.0,600.0,0.0007679570973688621,estable,12,7138,571047138,0.2867018548861719,,0.2903338408354976,0.31455697751630396,0.3408270553840964,0.3963863916500827,0.3352681522667922,0.35949318935575647,0.3856595224019088,0.4411913774987397,0.36858494173475265,0.39301259353712226,0.4193366079944667,0.4746623443259068,0.4244445903629952,0.45514137184761694,0.4886341940295722,0.5239809029323084
1021,cabecera-4p-1slot,regular,10000,8,0.08,0.5,5.967e7,812.0,0.0,1.0,600.0,0.0008709234120998827,estable,12,7326,586087326,0.2866399502124967,,0.28967601156787737,0.31428062666009726,0.3404809626822498,0.41731966347077787,0.3346573382314091,0.3592006000541801,0.38563774814167573,0.4628133499089131,0.36797978263382447,0.3925196530050812,0.41936685058010426,0.49669314024083633,0.4268715276137982,0.4602224811294491,0.49484225498775913,0.5501245038810154
1033,anuncio-arranque-571tx,regular,10000,8,0.08,0.5,5.967e7,4238.0,0.0,1.0,600.0,0.004545533769063181,estable,12,7351,588087351,0.30007540080053446,,0.303902792068925,0.3280538684021508,0.35485599452310623,0.3915609615897324,0.35031709847355685,0.37459057158577025,0.40156530319569583,0.4384027404404378,0.38412399852305157,0.40858191378515585,0.4354161102862406,0.47342290571606327,0.438897037874483,0.4674284893539493,0.4972997695708443,0.5389869737978756
1045,cabecera-peor-caso-16p-150slot,regular,10000,8,0.08,0.5,5.967e7,20268.0,0.0,1.0,600.0,0.021738763197586726,estable,12,7200,576007200,0.3607979498449852,,0.3663427662489198,0.39123353908212266,0.41935221282744806,0.4777820138069089,0.42017655100937645,0.4450719829857519,0.473290062534943,0.5317779532088167,0.45754532926434877,0.4825483978426064,0.5097989737531634,0.5687904148891434,0.5174942049997924,0.551019904486445,0.5869559640235593,0.650485386188052
1057,anuncio-techo-4464tx,regular,10000,8,0.08,0.5,5.967e7,27596.0,0.0,1.0,600.0,0.029598525222054632,estable,12,7194,575527194,0.38741986485501245,,0.39357889028718773,0.41973183208472165,0.44520186187037325,0.49591367259603203,0.45089590873976704,0.47702278337914095,0.5023653180379597,0.5529149796877846,0.4901659812712751,0.5162222641084213,0.5422580986842149,0.5925048028023241,0.5504945161094952,0.5829945797298706,0.6142905627263531,0.6604576869988534
1003,cabecera-1p-1slot,regular,10000,8,0.08,0.5,1.0e8,716.0,0.0,1.0,600.0,0.00045824,estable,12,7146,571687146,0.285136583115359,,0.288514807894785,0.3128248694709441,0.33818565695787584,0.3741825352722685,0.33325322068748164,0.35768774775502266,0.3829901144586074,0.41864814753478186,0.3661088214128654,0.39084527705290384,0.4161347236247934,0.45458547120711046,0.4194168863660366,0.4480313860094043,0.47779467529437625,0.5132253487893195
1015,cabecera-4p-1slot,regular,10000,8,0.08,0.5,1.0e8,812.0,0.0,1.0,600.0,0.00051968,estable,12,7266,581287266,0.2852562787628724,,0.28874551366936885,0.3129067457036854,0.3374279838399161,0.40005687605437856,0.33338280407838283,0.3575353609093668,0.3820492161239031,0.4447970496904361,0.3666100844641278,0.3908841102354472,0.4152369698977445,0.4773793863649871,0.4233478402827586,0.4541000313330983,0.48380507787902616,0.5271677846640159
1027,anuncio-arranque-571tx,regular,10000,8,0.08,0.5,1.0e8,4238.0,0.0,1.0,600.0,0.00271232,estable,12,7299,583927299,0.2933316066074751,,0.297094015661969,0.321134083079869,0.3469574346292177,0.43469083925302243,0.3428135607550189,0.36678187247014193,0.3926597616932668,0.48110904389574216,0.3764455058279452,0.40044426817325984,0.42618194474232496,0.5137904507133157,0.4336146348063483,0.4641066404277012,0.49519289976862524,0.5688241938709666
1039,cabecera-peor-caso-16p-150slot,regular,10000,8,0.08,0.5,1.0e8,20268.0,0.0,1.0,600.0,0.01297152,estable,12,7276,582087276,0.330145046297536,,0.33489167016432475,0.35986335016343673,0.38661491473368415,0.4217987681192241,0.38504856003567056,0.4099996333505942,0.43653445929088264,0.472820015854726,0.42056106914911595,0.44554322414640524,0.472074053732797,0.5112447791500792,0.4770991576515371,0.5081482729267748,0.5357739044077903,0.5644059434254771
1051,anuncio-techo-4464tx,regular,10000,8,0.08,0.5,1.0e8,27596.0,0.0,1.0,600.0,0.01766144,estable,12,7190,575207190,0.3474489803487402,,0.3526202683434576,0.3771481464128783,0.40443035210523703,0.44576604927983965,0.4049231202074566,0.4294363230159206,0.4569560821044547,0.4975986259969716,0.44159667662535185,0.46643695666057283,0.49368591584652677,0.5351136187888557,0.5000653760049545,0.532356689648168,0.569264443863915,0.6111541568671157
